commodity,market,state,modal_price,date
Tomato,Kolar,Karnataka,23.98,2026-07-15
Tomato,Bengaluru,Karnataka,25.31,2026-07-15
Tomato,Bengaluru,Karnataka,27.78,2026-07-14
Tomato,Kolar,Karnataka,27.46,2026-07-14
Tomato,Kolar,Karnataka,27.03,2026-07-13
Tomato,Bengaluru,Karnataka,24.06,2026-07-13
Tomato,Bengaluru,Karnataka,25.15,2026-07-12
Tomato,Kolar,Karnataka,27.11,2026-07-12
Tomato,Kolar,Karnataka,27.74,2026-07-11
Tomato,Bengaluru,Karnataka,27.66,2026-07-11
Tomato,Mysuru,Karnataka,26.34,2026-07-10
Tomato,Bengaluru,Karnataka,25.43,2026-07-10
Tomato,Bengaluru,Karnataka,27.69,2026-07-09
Tomato,Kolar,Karnataka,25.78,2026-07-09
Tomato,Bengaluru,Karnataka,29.09,2026-07-08
Tomato,Kolar,Karnataka,25.78,2026-07-08
Tomato,Bengaluru,Karnataka,24.52,2026-07-07
Tomato,Mysuru,Karnataka,28.53,2026-07-07
Tomato,Kolar,Karnataka,28.33,2026-07-06
Tomato,Mysuru,Karnataka,27.92,2026-07-06
Tomato,Kolar,Karnataka,29.23,2026-07-05
Tomato,Bengaluru,Karnataka,26.06,2026-07-05
Tomato,Kolar,Karnataka,28.48,2026-07-04
Tomato,Mysuru,Karnataka,27.36,2026-07-04
Tomato,Mysuru,Karnataka,27.83,2026-07-03
Tomato,Bengaluru,Karnataka,24.31,2026-07-03
Tomato,Bengaluru,Karnataka,29.35,2026-07-02
Tomato,Mysuru,Karnataka,28.66,2026-07-02
Tomato,Bengaluru,Karnataka,25.58,2026-07-01
Tomato,Mysuru,Karnataka,27.5,2026-07-01
Tomato,Mysuru,Karnataka,26.09,2026-06-30
Tomato,Bengaluru,Karnataka,25.23,2026-06-30
Tomato,Mysuru,Karnataka,27.38,2026-06-29
Tomato,Bengaluru,Karnataka,25.03,2026-06-29
Tomato,Kolar,Karnataka,25.0,2026-06-28
Tomato,Bengaluru,Karnataka,26.16,2026-06-28
Tomato,Kolar,Karnataka,27.81,2026-06-27
Tomato,Bengaluru,Karnataka,28.66,2026-06-27
Tomato,Bengaluru,Karnataka,28.55,2026-06-26
Tomato,Kolar,Karnataka,28.46,2026-06-26
Tomato,Mysuru,Karnataka,24.51,2026-06-25
Tomato,Kolar,Karnataka,29.05,2026-06-25
Tomato,Kolar,Karnataka,25.3,2026-06-24
Tomato,Mysuru,Karnataka,26.84,2026-06-24
Tomato,Kolar,Karnataka,24.93,2026-06-23
Tomato,Mysuru,Karnataka,24.92,2026-06-23
Tomato,Kolar,Karnataka,28.18,2026-06-22
Tomato,Mysuru,Karnataka,26.47,2026-06-22
Tomato,Kolar,Karnataka,26.12,2026-06-21
Tomato,Mysuru,Karnataka,29.54,2026-06-21
Tomato,Bengaluru,Karnataka,24.67,2026-06-20
Tomato,Mysuru,Karnataka,24.43,2026-06-20
Tomato,Bengaluru,Karnataka,27.56,2026-06-19
Tomato,Kolar,Karnataka,28.44,2026-06-19
Tomato,Mysuru,Karnataka,26.26,2026-06-18
Tomato,Bengaluru,Karnataka,27.39,2026-06-18
Tomato,Mysuru,Karnataka,29.41,2026-06-17
Tomato,Kolar,Karnataka,28.82,2026-06-17
Tomato,Bengaluru,Karnataka,27.86,2026-06-16
Tomato,Kolar,Karnataka,27.08,2026-06-16
Tomato,Mysuru,Karnataka,24.79,2026-06-15
Tomato,Kolar,Karnataka,26.53,2026-06-15
Tomato,Mysuru,Karnataka,29.32,2026-06-14
Tomato,Bengaluru,Karnataka,28.9,2026-06-14
Tomato,Mysuru,Karnataka,26.92,2026-06-13
Tomato,Bengaluru,Karnataka,24.76,2026-06-13
Tomato,Kolar,Karnataka,28.71,2026-06-12
Tomato,Mysuru,Karnataka,26.92,2026-06-12
Tomato,Bengaluru,Karnataka,26.2,2026-06-11
Tomato,Kolar,Karnataka,25.05,2026-06-11
Tomato,Kolar,Karnataka,27.4,2026-06-10
Tomato,Bengaluru,Karnataka,26.81,2026-06-10
Tomato,Bengaluru,Karnataka,28.9,2026-06-09
Tomato,Mysuru,Karnataka,28.65,2026-06-09
Tomato,Mysuru,Karnataka,24.49,2026-06-08
Tomato,Bengaluru,Karnataka,28.89,2026-06-08
Tomato,Bengaluru,Karnataka,28.1,2026-06-07
Tomato,Kolar,Karnataka,28.55,2026-06-07
Tomato,Kolar,Karnataka,24.85,2026-06-06
Tomato,Bengaluru,Karnataka,26.71,2026-06-06
Tomato,Kolar,Karnataka,25.58,2026-06-05
Tomato,Bengaluru,Karnataka,28.84,2026-06-05
Tomato,Mysuru,Karnataka,29.13,2026-06-04
Tomato,Bengaluru,Karnataka,28.2,2026-06-04
Tomato,Kolar,Karnataka,27.96,2026-06-03
Tomato,Bengaluru,Karnataka,26.28,2026-06-03
Tomato,Kolar,Karnataka,26.48,2026-06-02
Tomato,Mysuru,Karnataka,26.9,2026-06-02
Tomato,Bengaluru,Karnataka,25.32,2026-06-01
Tomato,Kolar,Karnataka,25.93,2026-06-01
Tomato,Kolar,Karnataka,27.26,2026-05-31
Tomato,Bengaluru,Karnataka,24.15,2026-05-31
Tomato,Kolar,Karnataka,25.32,2026-05-30
Tomato,Bengaluru,Karnataka,28.95,2026-05-30
Tomato,Mysuru,Karnataka,26.84,2026-05-29
Tomato,Bengaluru,Karnataka,25.57,2026-05-29
Tomato,Mysuru,Karnataka,26.96,2026-05-28
Tomato,Bengaluru,Karnataka,27.94,2026-05-28
Tomato,Kolar,Karnataka,25.36,2026-05-27
Tomato,Mysuru,Karnataka,26.59,2026-05-27
Tomato,Mysuru,Karnataka,24.55,2026-05-26
Tomato,Bengaluru,Karnataka,27.56,2026-05-26
Tomato,Mysuru,Karnataka,26.22,2026-05-25
Tomato,Kolar,Karnataka,28.64,2026-05-25
Tomato,Bengaluru,Karnataka,24.34,2026-05-24
Tomato,Kolar,Karnataka,27.9,2026-05-24
Tomato,Bengaluru,Karnataka,25.02,2026-05-23
Tomato,Kolar,Karnataka,26.85,2026-05-23
Tomato,Bengaluru,Karnataka,24.96,2026-05-22
Tomato,Mysuru,Karnataka,26.44,2026-05-22
Tomato,Bengaluru,Karnataka,28.26,2026-05-21
Tomato,Mysuru,Karnataka,28.52,2026-05-21
Tomato,Bengaluru,Karnataka,27.41,2026-05-20
Tomato,Kolar,Karnataka,26.82,2026-05-20
Tomato,Bengaluru,Karnataka,28.85,2026-05-19
Tomato,Kolar,Karnataka,28.43,2026-05-19
Tomato,Bengaluru,Karnataka,26.48,2026-05-18
Tomato,Mysuru,Karnataka,25.04,2026-05-18
Tomato,Mysuru,Karnataka,24.75,2026-05-17
Tomato,Bengaluru,Karnataka,23.89,2026-05-17
Onion,Mysuru,Karnataka,24.14,2026-07-15
Onion,Kolar,Karnataka,23.51,2026-07-15
Onion,Mysuru,Karnataka,23.07,2026-07-14
Onion,Kolar,Karnataka,23.22,2026-07-14
Onion,Kolar,Karnataka,20.62,2026-07-13
Onion,Mysuru,Karnataka,21.25,2026-07-13
Onion,Bengaluru,Karnataka,23.2,2026-07-12
Onion,Kolar,Karnataka,20.15,2026-07-12
Onion,Kolar,Karnataka,22.07,2026-07-11
Onion,Mysuru,Karnataka,23.61,2026-07-11
Onion,Bengaluru,Karnataka,24.04,2026-07-10
Onion,Kolar,Karnataka,20.16,2026-07-10
Onion,Bengaluru,Karnataka,22.38,2026-07-09
Onion,Kolar,Karnataka,22.74,2026-07-09
Onion,Bengaluru,Karnataka,20.26,2026-07-08
Onion,Mysuru,Karnataka,23.63,2026-07-08
Onion,Bengaluru,Karnataka,22.4,2026-07-07
Onion,Kolar,Karnataka,21.52,2026-07-07
Onion,Kolar,Karnataka,23.73,2026-07-06
Onion,Mysuru,Karnataka,20.54,2026-07-06
Onion,Kolar,Karnataka,20.65,2026-07-05
Onion,Mysuru,Karnataka,21.33,2026-07-05
Onion,Kolar,Karnataka,21.55,2026-07-04
Onion,Mysuru,Karnataka,23.61,2026-07-04
Onion,Bengaluru,Karnataka,21.51,2026-07-03
Onion,Kolar,Karnataka,23.86,2026-07-03
Onion,Bengaluru,Karnataka,21.81,2026-07-02
Onion,Kolar,Karnataka,21.68,2026-07-02
Onion,Bengaluru,Karnataka,23.25,2026-07-01
Onion,Mysuru,Karnataka,23.24,2026-07-01
Onion,Mysuru,Karnataka,20.08,2026-06-30
Onion,Kolar,Karnataka,23.0,2026-06-30
Onion,Kolar,Karnataka,22.0,2026-06-29
Onion,Mysuru,Karnataka,23.61,2026-06-29
Onion,Kolar,Karnataka,22.19,2026-06-28
Onion,Bengaluru,Karnataka,21.71,2026-06-28
Onion,Kolar,Karnataka,23.31,2026-06-27
Onion,Bengaluru,Karnataka,19.86,2026-06-27
Onion,Bengaluru,Karnataka,22.42,2026-06-26
Onion,Kolar,Karnataka,19.91,2026-06-26
Onion,Mysuru,Karnataka,22.27,2026-06-25
Onion,Bengaluru,Karnataka,20.07,2026-06-25
Onion,Kolar,Karnataka,21.32,2026-06-24
Onion,Mysuru,Karnataka,20.23,2026-06-24
Onion,Bengaluru,Karnataka,21.82,2026-06-23
Onion,Kolar,Karnataka,22.65,2026-06-23
Onion,Bengaluru,Karnataka,20.5,2026-06-22
Onion,Kolar,Karnataka,19.64,2026-06-22
Onion,Mysuru,Karnataka,22.18,2026-06-21
Onion,Bengaluru,Karnataka,21.38,2026-06-21
Onion,Mysuru,Karnataka,19.48,2026-06-20
Onion,Bengaluru,Karnataka,23.0,2026-06-20
Onion,Kolar,Karnataka,21.27,2026-06-19
Onion,Bengaluru,Karnataka,22.49,2026-06-19
Onion,Kolar,Karnataka,20.74,2026-06-18
Onion,Bengaluru,Karnataka,19.11,2026-06-18
Onion,Mysuru,Karnataka,22.67,2026-06-17
Onion,Bengaluru,Karnataka,19.78,2026-06-17
Onion,Bengaluru,Karnataka,20.34,2026-06-16
Onion,Kolar,Karnataka,21.2,2026-06-16
Onion,Mysuru,Karnataka,22.69,2026-06-15
Onion,Bengaluru,Karnataka,19.81,2026-06-15
Onion,Bengaluru,Karnataka,22.46,2026-06-14
Onion,Kolar,Karnataka,18.89,2026-06-14
Onion,Kolar,Karnataka,22.0,2026-06-13
Onion,Mysuru,Karnataka,20.46,2026-06-13
Onion,Kolar,Karnataka,19.82,2026-06-12
Onion,Bengaluru,Karnataka,21.98,2026-06-12
Onion,Bengaluru,Karnataka,22.29,2026-06-11
Onion,Mysuru,Karnataka,22.24,2026-06-11
Onion,Bengaluru,Karnataka,22.02,2026-06-10
Onion,Kolar,Karnataka,20.54,2026-06-10
Onion,Mysuru,Karnataka,19.52,2026-06-09
Onion,Bengaluru,Karnataka,21.33,2026-06-09
Onion,Mysuru,Karnataka,19.72,2026-06-08
Onion,Kolar,Karnataka,18.85,2026-06-08
Onion,Mysuru,Karnataka,21.17,2026-06-07
Onion,Kolar,Karnataka,20.18,2026-06-07
Onion,Kolar,Karnataka,22.36,2026-06-06
Onion,Mysuru,Karnataka,18.97,2026-06-06
Onion,Mysuru,Karnataka,20.84,2026-06-05
Onion,Bengaluru,Karnataka,22.5,2026-06-05
Onion,Bengaluru,Karnataka,20.87,2026-06-04
Onion,Kolar,Karnataka,19.84,2026-06-04
Onion,Mysuru,Karnataka,20.87,2026-06-03
Onion,Kolar,Karnataka,20.49,2026-06-03
Onion,Mysuru,Karnataka,19.4,2026-06-02
Onion,Bengaluru,Karnataka,21.26,2026-06-02
Onion,Bengaluru,Karnataka,19.81,2026-06-01
Onion,Kolar,Karnataka,18.62,2026-06-01
Onion,Kolar,Karnataka,20.83,2026-05-31
Onion,Mysuru,Karnataka,21.0,2026-05-31
Onion,Bengaluru,Karnataka,20.33,2026-05-30
Onion,Mysuru,Karnataka,20.97,2026-05-30
Onion,Mysuru,Karnataka,21.06,2026-05-29
Onion,Kolar,Karnataka,20.48,2026-05-29
Onion,Bengaluru,Karnataka,20.9,2026-05-28
Onion,Mysuru,Karnataka,19.74,2026-05-28
Onion,Kolar,Karnataka,20.66,2026-05-27
Onion,Bengaluru,Karnataka,19.39,2026-05-27
Onion,Kolar,Karnataka,19.37,2026-05-26
Onion,Bengaluru,Karnataka,18.99,2026-05-26
Onion,Kolar,Karnataka,19.99,2026-05-25
Onion,Mysuru,Karnataka,19.9,2026-05-25
Onion,Bengaluru,Karnataka,21.28,2026-05-24
Onion,Mysuru,Karnataka,21.95,2026-05-24
Onion,Kolar,Karnataka,20.7,2026-05-23
Onion,Bengaluru,Karnataka,19.2,2026-05-23
Onion,Kolar,Karnataka,18.41,2026-05-22
Onion,Mysuru,Karnataka,21.85,2026-05-22
Onion,Bengaluru,Karnataka,18.9,2026-05-21
Onion,Mysuru,Karnataka,18.8,2026-05-21
Onion,Bengaluru,Karnataka,18.96,2026-05-20
Onion,Kolar,Karnataka,19.88,2026-05-20
Onion,Bengaluru,Karnataka,19.61,2026-05-19
Onion,Mysuru,Karnataka,20.47,2026-05-19
Onion,Bengaluru,Karnataka,19.9,2026-05-18
Onion,Mysuru,Karnataka,18.9,2026-05-18
Onion,Kolar,Karnataka,21.45,2026-05-17
Onion,Bengaluru,Karnataka,21.33,2026-05-17
Potato,Bengaluru,Karnataka,17.17,2026-07-15
Potato,Mysuru,Karnataka,19.3,2026-07-15
Potato,Kolar,Karnataka,16.53,2026-07-14
Potato,Mysuru,Karnataka,17.25,2026-07-14
Potato,Bengaluru,Karnataka,16.79,2026-07-13
Potato,Mysuru,Karnataka,17.99,2026-07-13
Potato,Kolar,Karnataka,19.71,2026-07-12
Potato,Mysuru,Karnataka,19.5,2026-07-12
Potato,Kolar,Karnataka,19.24,2026-07-11
Potato,Mysuru,Karnataka,18.22,2026-07-11
Potato,Bengaluru,Karnataka,17.83,2026-07-10
Potato,Mysuru,Karnataka,18.92,2026-07-10
Potato,Kolar,Karnataka,18.93,2026-07-09
Potato,Mysuru,Karnataka,18.05,2026-07-09
Potato,Kolar,Karnataka,17.13,2026-07-08
Potato,Bengaluru,Karnataka,16.42,2026-07-08
Potato,Mysuru,Karnataka,17.08,2026-07-07
Potato,Bengaluru,Karnataka,17.25,2026-07-07
Potato,Kolar,Karnataka,16.57,2026-07-06
Potato,Bengaluru,Karnataka,16.9,2026-07-06
Potato,Kolar,Karnataka,18.56,2026-07-05
Potato,Bengaluru,Karnataka,16.27,2026-07-05
Potato,Mysuru,Karnataka,17.94,2026-07-04
Potato,Kolar,Karnataka,17.49,2026-07-04
Potato,Bengaluru,Karnataka,17.36,2026-07-03
Potato,Mysuru,Karnataka,18.71,2026-07-03
Potato,Kolar,Karnataka,18.98,2026-07-02
Potato,Bengaluru,Karnataka,18.65,2026-07-02
Potato,Mysuru,Karnataka,15.93,2026-07-01
Potato,Kolar,Karnataka,17.15,2026-07-01
Potato,Mysuru,Karnataka,17.77,2026-06-30
Potato,Kolar,Karnataka,18.47,2026-06-30
Potato,Kolar,Karnataka,17.56,2026-06-29
Potato,Bengaluru,Karnataka,16.8,2026-06-29
Potato,Mysuru,Karnataka,17.18,2026-06-28
Potato,Bengaluru,Karnataka,18.16,2026-06-28
Potato,Mysuru,Karnataka,18.72,2026-06-27
Potato,Bengaluru,Karnataka,19.0,2026-06-27
Potato,Kolar,Karnataka,18.92,2026-06-26
Potato,Bengaluru,Karnataka,17.82,2026-06-26
Potato,Kolar,Karnataka,16.01,2026-06-25
Potato,Bengaluru,Karnataka,17.21,2026-06-25
Potato,Mysuru,Karnataka,15.86,2026-06-24
Potato,Bengaluru,Karnataka,17.0,2026-06-24
Potato,Bengaluru,Karnataka,16.78,2026-06-23
Potato,Mysuru,Karnataka,18.3,2026-06-23
Potato,Mysuru,Karnataka,18.23,2026-06-22
Potato,Kolar,Karnataka,18.5,2026-06-22
Potato,Mysuru,Karnataka,17.21,2026-06-21
Potato,Bengaluru,Karnataka,18.18,2026-06-21
Potato,Bengaluru,Karnataka,16.33,2026-06-20
Potato,Mysuru,Karnataka,15.79,2026-06-20
Potato,Kolar,Karnataka,18.12,2026-06-19
Potato,Bengaluru,Karnataka,18.8,2026-06-19
Potato,Bengaluru,Karnataka,17.63,2026-06-18
Potato,Kolar,Karnataka,16.31,2026-06-18
Potato,Mysuru,Karnataka,17.4,2026-06-17
Potato,Bengaluru,Karnataka,16.21,2026-06-17
Potato,Kolar,Karnataka,18.06,2026-06-16
Potato,Mysuru,Karnataka,16.0,2026-06-16
Potato,Kolar,Karnataka,18.06,2026-06-15
Potato,Bengaluru,Karnataka,15.96,2026-06-15
Potato,Mysuru,Karnataka,17.34,2026-06-14
Potato,Bengaluru,Karnataka,18.54,2026-06-14
Potato,Kolar,Karnataka,16.69,2026-06-13
Potato,Mysuru,Karnataka,17.77,2026-06-13
Potato,Bengaluru,Karnataka,15.65,2026-06-12
Potato,Kolar,Karnataka,17.93,2026-06-12
Potato,Kolar,Karnataka,17.98,2026-06-11
Potato,Bengaluru,Karnataka,17.2,2026-06-11
Potato,Bengaluru,Karnataka,17.05,2026-06-10
Potato,Mysuru,Karnataka,17.49,2026-06-10
Potato,Bengaluru,Karnataka,15.26,2026-06-09
Potato,Mysuru,Karnataka,16.64,2026-06-09
Potato,Mysuru,Karnataka,16.65,2026-06-08
Potato,Bengaluru,Karnataka,16.41,2026-06-08
Potato,Mysuru,Karnataka,16.63,2026-06-07
Potato,Bengaluru,Karnataka,17.63,2026-06-07
Potato,Kolar,Karnataka,17.21,2026-06-06
Potato,Mysuru,Karnataka,18.23,2026-06-06
Potato,Mysuru,Karnataka,16.57,2026-06-05
Potato,Kolar,Karnataka,17.56,2026-06-05
Potato,Mysuru,Karnataka,17.93,2026-06-04
Potato,Kolar,Karnataka,17.86,2026-06-04
Potato,Bengaluru,Karnataka,18.0,2026-06-03
Potato,Mysuru,Karnataka,15.87,2026-06-03
Potato,Mysuru,Karnataka,16.15,2026-06-02
Potato,Kolar,Karnataka,16.67,2026-06-02
Potato,Mysuru,Karnataka,16.62,2026-06-01
Potato,Bengaluru,Karnataka,16.18,2026-06-01
Potato,Mysuru,Karnataka,15.9,2026-05-31
Potato,Kolar,Karnataka,16.96,2026-05-31
Potato,Mysuru,Karnataka,16.66,2026-05-30
Potato,Bengaluru,Karnataka,15.58,2026-05-30
Potato,Bengaluru,Karnataka,16.54,2026-05-29
Potato,Mysuru,Karnataka,17.43,2026-05-29
Potato,Kolar,Karnataka,17.03,2026-05-28
Potato,Mysuru,Karnataka,16.52,2026-05-28
Potato,Bengaluru,Karnataka,15.84,2026-05-27
Potato,Kolar,Karnataka,16.21,2026-05-27
Potato,Bengaluru,Karnataka,17.04,2026-05-26
Potato,Mysuru,Karnataka,16.06,2026-05-26
Potato,Kolar,Karnataka,16.22,2026-05-25
Potato,Mysuru,Karnataka,17.28,2026-05-25
Potato,Mysuru,Karnataka,17.11,2026-05-24
Potato,Kolar,Karnataka,15.69,2026-05-24
Potato,Mysuru,Karnataka,15.17,2026-05-23
Potato,Bengaluru,Karnataka,15.41,2026-05-23
Potato,Bengaluru,Karnataka,15.38,2026-05-22
Potato,Kolar,Karnataka,17.18,2026-05-22
Potato,Mysuru,Karnataka,17.94,2026-05-21
Potato,Kolar,Karnataka,17.46,2026-05-21
Potato,Mysuru,Karnataka,15.89,2026-05-20
Potato,Bengaluru,Karnataka,15.7,2026-05-20
Potato,Kolar,Karnataka,15.58,2026-05-19
Potato,Bengaluru,Karnataka,17.87,2026-05-19
Potato,Kolar,Karnataka,16.94,2026-05-18
Potato,Mysuru,Karnataka,15.08,2026-05-18
Potato,Mysuru,Karnataka,17.49,2026-05-17
Potato,Bengaluru,Karnataka,16.52,2026-05-17
Spinach,Mysuru,Karnataka,26.29,2026-07-15
Spinach,Kolar,Karnataka,24.92,2026-07-15
Spinach,Bengaluru,Karnataka,28.97,2026-07-14
Spinach,Mysuru,Karnataka,26.51,2026-07-14
Spinach,Bengaluru,Karnataka,26.6,2026-07-13
Spinach,Mysuru,Karnataka,27.06,2026-07-13
Spinach,Kolar,Karnataka,24.81,2026-07-12
Spinach,Bengaluru,Karnataka,28.33,2026-07-12
Spinach,Mysuru,Karnataka,29.33,2026-07-11
Spinach,Bengaluru,Karnataka,24.66,2026-07-11
Spinach,Mysuru,Karnataka,28.19,2026-07-10
Spinach,Bengaluru,Karnataka,26.08,2026-07-10
Spinach,Mysuru,Karnataka,28.67,2026-07-09
Spinach,Kolar,Karnataka,29.37,2026-07-09
Spinach,Mysuru,Karnataka,27.36,2026-07-08
Spinach,Bengaluru,Karnataka,28.06,2026-07-08
Spinach,Bengaluru,Karnataka,25.54,2026-07-07
Spinach,Kolar,Karnataka,24.56,2026-07-07
Spinach,Bengaluru,Karnataka,27.11,2026-07-06
Spinach,Kolar,Karnataka,24.99,2026-07-06
Spinach,Mysuru,Karnataka,27.88,2026-07-05
Spinach,Kolar,Karnataka,26.7,2026-07-05
Spinach,Bengaluru,Karnataka,25.75,2026-07-04
Spinach,Kolar,Karnataka,25.72,2026-07-04
Spinach,Mysuru,Karnataka,27.93,2026-07-03
Spinach,Bengaluru,Karnataka,29.2,2026-07-03
Spinach,Kolar,Karnataka,26.55,2026-07-02
Spinach,Bengaluru,Karnataka,27.19,2026-07-02
Spinach,Kolar,Karnataka,29.19,2026-07-01
Spinach,Bengaluru,Karnataka,28.75,2026-07-01
Spinach,Bengaluru,Karnataka,25.22,2026-06-30
Spinach,Kolar,Karnataka,25.98,2026-06-30
Spinach,Kolar,Karnataka,26.73,2026-06-29
Spinach,Mysuru,Karnataka,26.89,2026-06-29
Spinach,Mysuru,Karnataka,29.49,2026-06-28
Spinach,Kolar,Karnataka,27.1,2026-06-28
Spinach,Mysuru,Karnataka,24.85,2026-06-27
Spinach,Kolar,Karnataka,24.63,2026-06-27
Spinach,Mysuru,Karnataka,27.73,2026-06-26
Spinach,Kolar,Karnataka,24.59,2026-06-26
Spinach,Bengaluru,Karnataka,29.93,2026-06-25
Spinach,Kolar,Karnataka,28.14,2026-06-25
Spinach,Mysuru,Karnataka,28.68,2026-06-24
Spinach,Bengaluru,Karnataka,25.48,2026-06-24
Spinach,Kolar,Karnataka,29.56,2026-06-23
Spinach,Mysuru,Karnataka,25.55,2026-06-23
Spinach,Kolar,Karnataka,28.06,2026-06-22
Spinach,Mysuru,Karnataka,27.28,2026-06-22
Spinach,Bengaluru,Karnataka,26.54,2026-06-21
Spinach,Mysuru,Karnataka,26.46,2026-06-21
Spinach,Kolar,Karnataka,29.37,2026-06-20
Spinach,Bengaluru,Karnataka,26.48,2026-06-20
Spinach,Kolar,Karnataka,26.29,2026-06-19
Spinach,Mysuru,Karnataka,29.9,2026-06-19
Spinach,Kolar,Karnataka,27.25,2026-06-18
Spinach,Bengaluru,Karnataka,26.48,2026-06-18
Spinach,Mysuru,Karnataka,30.14,2026-06-17
Spinach,Bengaluru,Karnataka,27.02,2026-06-17
Spinach,Kolar,Karnataka,28.46,2026-06-16
Spinach,Bengaluru,Karnataka,27.83,2026-06-16
Spinach,Mysuru,Karnataka,25.91,2026-06-15
Spinach,Bengaluru,Karnataka,26.87,2026-06-15
Spinach,Mysuru,Karnataka,29.12,2026-06-14
Spinach,Kolar,Karnataka,26.04,2026-06-14
Spinach,Kolar,Karnataka,30.1,2026-06-13
Spinach,Bengaluru,Karnataka,27.39,2026-06-13
Spinach,Kolar,Karnataka,25.68,2026-06-12
Spinach,Mysuru,Karnataka,30.41,2026-06-12
Spinach,Kolar,Karnataka,29.0,2026-06-11
Spinach,Bengaluru,Karnataka,26.78,2026-06-11
Spinach,Bengaluru,Karnataka,25.61,2026-06-10
Spinach,Mysuru,Karnataka,30.62,2026-06-10
Spinach,Bengaluru,Karnataka,30.43,2026-06-09
Spinach,Mysuru,Karnataka,28.75,2026-06-09
Spinach,Bengaluru,Karnataka,30.4,2026-06-08
Spinach,Mysuru,Karnataka,26.82,2026-06-08
Spinach,Kolar,Karnataka,27.56,2026-06-07
Spinach,Mysuru,Karnataka,27.93,2026-06-07
Spinach,Mysuru,Karnataka,27.84,2026-06-06
Spinach,Bengaluru,Karnataka,26.09,2026-06-06
Spinach,Bengaluru,Karnataka,30.19,2026-06-05
Spinach,Kolar,Karnataka,26.88,2026-06-05
Spinach,Mysuru,Karnataka,30.64,2026-06-04
Spinach,Kolar,Karnataka,28.23,2026-06-04
Spinach,Bengaluru,Karnataka,29.52,2026-06-03
Spinach,Mysuru,Karnataka,30.15,2026-06-03
Spinach,Kolar,Karnataka,30.37,2026-06-02
Spinach,Mysuru,Karnataka,28.0,2026-06-02
Spinach,Mysuru,Karnataka,27.4,2026-06-01
Spinach,Kolar,Karnataka,29.84,2026-06-01
Spinach,Mysuru,Karnataka,30.87,2026-05-31
Spinach,Kolar,Karnataka,30.51,2026-05-31
Spinach,Kolar,Karnataka,28.87,2026-05-30
Spinach,Bengaluru,Karnataka,26.95,2026-05-30
Spinach,Mysuru,Karnataka,27.48,2026-05-29
Spinach,Bengaluru,Karnataka,28.37,2026-05-29
Spinach,Mysuru,Karnataka,31.37,2026-05-28
Spinach,Kolar,Karnataka,30.25,2026-05-28
Spinach,Kolar,Karnataka,28.61,2026-05-27
Spinach,Bengaluru,Karnataka,25.98,2026-05-27
Spinach,Kolar,Karnataka,30.81,2026-05-26
Spinach,Mysuru,Karnataka,30.84,2026-05-26
Spinach,Mysuru,Karnataka,28.9,2026-05-25
Spinach,Bengaluru,Karnataka,28.5,2026-05-25
Spinach,Kolar,Karnataka,28.29,2026-05-24
Spinach,Bengaluru,Karnataka,29.7,2026-05-24
Spinach,Bengaluru,Karnataka,28.69,2026-05-23
Spinach,Kolar,Karnataka,31.58,2026-05-23
Spinach,Mysuru,Karnataka,29.79,2026-05-22
Spinach,Kolar,Karnataka,30.96,2026-05-22
Spinach,Kolar,Karnataka,31.62,2026-05-21
Spinach,Mysuru,Karnataka,29.72,2026-05-21
Spinach,Mysuru,Karnataka,29.73,2026-05-20
Spinach,Bengaluru,Karnataka,27.5,2026-05-20
Spinach,Kolar,Karnataka,32.0,2026-05-19
Spinach,Mysuru,Karnataka,30.54,2026-05-19
Spinach,Mysuru,Karnataka,30.68,2026-05-18
Spinach,Bengaluru,Karnataka,30.35,2026-05-18
Spinach,Bengaluru,Karnataka,27.28,2026-05-17
Spinach,Mysuru,Karnataka,28.05,2026-05-17
Carrot,Bengaluru,Karnataka,29.95,2026-07-15
Carrot,Kolar,Karnataka,28.28,2026-07-15
Carrot,Mysuru,Karnataka,30.63,2026-07-14
Carrot,Kolar,Karnataka,29.47,2026-07-14
Carrot,Mysuru,Karnataka,29.04,2026-07-13
Carrot,Bengaluru,Karnataka,28.47,2026-07-13
Carrot,Mysuru,Karnataka,31.1,2026-07-12
Carrot,Bengaluru,Karnataka,31.63,2026-07-12
Carrot,Bengaluru,Karnataka,32.0,2026-07-11
Carrot,Mysuru,Karnataka,30.89,2026-07-11
Carrot,Kolar,Karnataka,33.66,2026-07-10
Carrot,Bengaluru,Karnataka,30.96,2026-07-10
Carrot,Mysuru,Karnataka,28.54,2026-07-09
Carrot,Bengaluru,Karnataka,33.98,2026-07-09
Carrot,Kolar,Karnataka,32.1,2026-07-08
Carrot,Mysuru,Karnataka,30.76,2026-07-08
Carrot,Mysuru,Karnataka,33.43,2026-07-07
Carrot,Kolar,Karnataka,29.39,2026-07-07
Carrot,Mysuru,Karnataka,28.84,2026-07-06
Carrot,Kolar,Karnataka,30.56,2026-07-06
Carrot,Mysuru,Karnataka,34.42,2026-07-05
Carrot,Kolar,Karnataka,30.05,2026-07-05
Carrot,Kolar,Karnataka,29.96,2026-07-04
Carrot,Mysuru,Karnataka,31.79,2026-07-04
Carrot,Kolar,Karnataka,33.99,2026-07-03
Carrot,Bengaluru,Karnataka,32.95,2026-07-03
Carrot,Mysuru,Karnataka,32.12,2026-07-02
Carrot,Bengaluru,Karnataka,30.52,2026-07-02
Carrot,Kolar,Karnataka,32.25,2026-07-01
Carrot,Bengaluru,Karnataka,32.6,2026-07-01
Carrot,Kolar,Karnataka,32.33,2026-06-30
Carrot,Bengaluru,Karnataka,34.07,2026-06-30
Carrot,Kolar,Karnataka,30.36,2026-06-29
Carrot,Bengaluru,Karnataka,31.19,2026-06-29
Carrot,Kolar,Karnataka,33.08,2026-06-28
Carrot,Mysuru,Karnataka,29.02,2026-06-28
Carrot,Mysuru,Karnataka,33.22,2026-06-27
Carrot,Kolar,Karnataka,29.6,2026-06-27
Carrot,Bengaluru,Karnataka,31.89,2026-06-26
Carrot,Mysuru,Karnataka,34.32,2026-06-26
Carrot,Bengaluru,Karnataka,34.37,2026-06-25
Carrot,Mysuru,Karnataka,34.56,2026-06-25
Carrot,Mysuru,Karnataka,33.72,2026-06-24
Carrot,Kolar,Karnataka,31.59,2026-06-24
Carrot,Bengaluru,Karnataka,33.45,2026-06-23
Carrot,Kolar,Karnataka,30.09,2026-06-23
Carrot,Kolar,Karnataka,34.86,2026-06-22
Carrot,Mysuru,Karnataka,33.82,2026-06-22
Carrot,Mysuru,Karnataka,33.79,2026-06-21
Carrot,Bengaluru,Karnataka,28.83,2026-06-21
Carrot,Kolar,Karnataka,31.69,2026-06-20
Carrot,Bengaluru,Karnataka,33.09,2026-06-20
Carrot,Kolar,Karnataka,32.57,2026-06-19
Carrot,Mysuru,Karnataka,34.1,2026-06-19
Carrot,Mysuru,Karnataka,33.21,2026-06-18
Carrot,Bengaluru,Karnataka,31.9,2026-06-18
Carrot,Kolar,Karnataka,34.8,2026-06-17
Carrot,Mysuru,Karnataka,30.35,2026-06-17
Carrot,Bengaluru,Karnataka,34.82,2026-06-16
Carrot,Mysuru,Karnataka,30.92,2026-06-16
Carrot,Mysuru,Karnataka,29.92,2026-06-15
Carrot,Bengaluru,Karnataka,35.12,2026-06-15
Carrot,Mysuru,Karnataka,29.82,2026-06-14
Carrot,Kolar,Karnataka,30.59,2026-06-14
Carrot,Kolar,Karnataka,31.63,2026-06-13
Carrot,Bengaluru,Karnataka,31.52,2026-06-13
Carrot,Kolar,Karnataka,32.98,2026-06-12
Carrot,Mysuru,Karnataka,33.88,2026-06-12
Carrot,Mysuru,Karnataka,34.63,2026-06-11
Carrot,Bengaluru,Karnataka,33.22,2026-06-11
Carrot,Mysuru,Karnataka,33.76,2026-06-10
Carrot,Bengaluru,Karnataka,30.69,2026-06-10
Carrot,Mysuru,Karnataka,34.9,2026-06-09
Carrot,Bengaluru,Karnataka,29.97,2026-06-09
Carrot,Kolar,Karnataka,32.93,2026-06-08
Carrot,Mysuru,Karnataka,35.76,2026-06-08
Carrot,Mysuru,Karnataka,32.04,2026-06-07
Carrot,Bengaluru,Karnataka,30.68,2026-06-07
Carrot,Bengaluru,Karnataka,30.09,2026-06-06
Carrot,Mysuru,Karnataka,30.88,2026-06-06
Carrot,Kolar,Karnataka,29.88,2026-06-05
Carrot,Bengaluru,Karnataka,31.73,2026-06-05
Carrot,Bengaluru,Karnataka,30.05,2026-06-04
Carrot,Kolar,Karnataka,34.63,2026-06-04
Carrot,Bengaluru,Karnataka,35.02,2026-06-03
Carrot,Kolar,Karnataka,31.19,2026-06-03
Carrot,Bengaluru,Karnataka,31.54,2026-06-02
Carrot,Kolar,Karnataka,36.21,2026-06-02
Carrot,Bengaluru,Karnataka,35.05,2026-06-01
Carrot,Mysuru,Karnataka,30.5,2026-06-01
Carrot,Bengaluru,Karnataka,29.93,2026-05-31
Carrot,Kolar,Karnataka,35.07,2026-05-31
Carrot,Bengaluru,Karnataka,29.99,2026-05-30
Carrot,Mysuru,Karnataka,31.65,2026-05-30
Carrot,Bengaluru,Karnataka,33.45,2026-05-29
Carrot,Mysuru,Karnataka,34.91,2026-05-29
Carrot,Mysuru,Karnataka,35.19,2026-05-28
Carrot,Kolar,Karnataka,33.43,2026-05-28
Carrot,Bengaluru,Karnataka,33.43,2026-05-27
Carrot,Mysuru,Karnataka,36.38,2026-05-27
Carrot,Bengaluru,Karnataka,33.19,2026-05-26
Carrot,Mysuru,Karnataka,36.58,2026-05-26
Carrot,Bengaluru,Karnataka,35.87,2026-05-25
Carrot,Mysuru,Karnataka,33.05,2026-05-25
Carrot,Bengaluru,Karnataka,35.04,2026-05-24
Carrot,Mysuru,Karnataka,33.23,2026-05-24
Carrot,Bengaluru,Karnataka,34.41,2026-05-23
Carrot,Mysuru,Karnataka,30.75,2026-05-23
Carrot,Mysuru,Karnataka,32.94,2026-05-22
Carrot,Kolar,Karnataka,34.4,2026-05-22
Carrot,Mysuru,Karnataka,33.85,2026-05-21
Carrot,Kolar,Karnataka,33.34,2026-05-21
Carrot,Kolar,Karnataka,36.28,2026-05-20
Carrot,Bengaluru,Karnataka,34.91,2026-05-20
Carrot,Kolar,Karnataka,33.48,2026-05-19
Carrot,Bengaluru,Karnataka,36.59,2026-05-19
Carrot,Mysuru,Karnataka,36.25,2026-05-18
Carrot,Kolar,Karnataka,33.34,2026-05-18
Carrot,Kolar,Karnataka,32.82,2026-05-17
Carrot,Bengaluru,Karnataka,32.82,2026-05-17
Cauliflower,Mysuru,Karnataka,33.79,2026-07-15
Cauliflower,Kolar,Karnataka,32.14,2026-07-15
Cauliflower,Mysuru,Karnataka,28.42,2026-07-14
Cauliflower,Bengaluru,Karnataka,28.39,2026-07-14
Cauliflower,Mysuru,Karnataka,32.44,2026-07-13
Cauliflower,Bengaluru,Karnataka,30.14,2026-07-13
Cauliflower,Bengaluru,Karnataka,31.43,2026-07-12
Cauliflower,Kolar,Karnataka,31.28,2026-07-12
Cauliflower,Mysuru,Karnataka,30.32,2026-07-11
Cauliflower,Bengaluru,Karnataka,33.17,2026-07-11
Cauliflower,Mysuru,Karnataka,33.72,2026-07-10
Cauliflower,Bengaluru,Karnataka,31.46,2026-07-10
Cauliflower,Mysuru,Karnataka,31.28,2026-07-09
Cauliflower,Bengaluru,Karnataka,29.03,2026-07-09
Cauliflower,Kolar,Karnataka,29.08,2026-07-08
Cauliflower,Mysuru,Karnataka,28.36,2026-07-08
Cauliflower,Kolar,Karnataka,28.37,2026-07-07
Cauliflower,Mysuru,Karnataka,29.38,2026-07-07
Cauliflower,Bengaluru,Karnataka,32.82,2026-07-06
Cauliflower,Mysuru,Karnataka,33.62,2026-07-06
Cauliflower,Kolar,Karnataka,31.34,2026-07-05
Cauliflower,Bengaluru,Karnataka,31.64,2026-07-05
Cauliflower,Kolar,Karnataka,27.75,2026-07-04
Cauliflower,Mysuru,Karnataka,29.25,2026-07-04
Cauliflower,Mysuru,Karnataka,29.69,2026-07-03
Cauliflower,Kolar,Karnataka,28.65,2026-07-03
Cauliflower,Bengaluru,Karnataka,27.93,2026-07-02
Cauliflower,Mysuru,Karnataka,32.03,2026-07-02
Cauliflower,Bengaluru,Karnataka,32.03,2026-07-01
Cauliflower,Kolar,Karnataka,28.78,2026-07-01
Cauliflower,Mysuru,Karnataka,29.52,2026-06-30
Cauliflower,Kolar,Karnataka,29.69,2026-06-30
Cauliflower,Kolar,Karnataka,32.13,2026-06-29
Cauliflower,Mysuru,Karnataka,30.86,2026-06-29
Cauliflower,Bengaluru,Karnataka,28.31,2026-06-28
Cauliflower,Kolar,Karnataka,31.95,2026-06-28
Cauliflower,Bengaluru,Karnataka,28.98,2026-06-27
Cauliflower,Kolar,Karnataka,31.35,2026-06-27
Cauliflower,Mysuru,Karnataka,29.8,2026-06-26
Cauliflower,Kolar,Karnataka,28.6,2026-06-26
Cauliflower,Kolar,Karnataka,29.34,2026-06-25
Cauliflower,Bengaluru,Karnataka,27.93,2026-06-25
Cauliflower,Kolar,Karnataka,30.4,2026-06-24
Cauliflower,Mysuru,Karnataka,29.08,2026-06-24
Cauliflower,Bengaluru,Karnataka,33.12,2026-06-23
Cauliflower,Mysuru,Karnataka,27.51,2026-06-23
Cauliflower,Bengaluru,Karnataka,32.84,2026-06-22
Cauliflower,Mysuru,Karnataka,31.76,2026-06-22
Cauliflower,Mysuru,Karnataka,29.07,2026-06-21
Cauliflower,Kolar,Karnataka,27.14,2026-06-21
Cauliflower,Kolar,Karnataka,28.11,2026-06-20
Cauliflower,Mysuru,Karnataka,29.34,2026-06-20
Cauliflower,Kolar,Karnataka,30.02,2026-06-19
Cauliflower,Bengaluru,Karnataka,32.02,2026-06-19
Cauliflower,Mysuru,Karnataka,29.35,2026-06-18
Cauliflower,Bengaluru,Karnataka,31.42,2026-06-18
Cauliflower,Mysuru,Karnataka,29.68,2026-06-17
Cauliflower,Bengaluru,Karnataka,27.4,2026-06-17
Cauliflower,Mysuru,Karnataka,30.31,2026-06-16
Cauliflower,Kolar,Karnataka,31.13,2026-06-16
Cauliflower,Mysuru,Karnataka,27.53,2026-06-15
Cauliflower,Kolar,Karnataka,26.97,2026-06-15
Cauliflower,Mysuru,Karnataka,31.57,2026-06-14
Cauliflower,Bengaluru,Karnataka,30.48,2026-06-14
Cauliflower,Kolar,Karnataka,27.28,2026-06-13
Cauliflower,Mysuru,Karnataka,31.78,2026-06-13
Cauliflower,Bengaluru,Karnataka,30.2,2026-06-12
Cauliflower,Mysuru,Karnataka,29.82,2026-06-12
Cauliflower,Mysuru,Karnataka,31.08,2026-06-11
Cauliflower,Kolar,Karnataka,27.98,2026-06-11
Cauliflower,Bengaluru,Karnataka,29.64,2026-06-10
Cauliflower,Kolar,Karnataka,27.29,2026-06-10
Cauliflower,Kolar,Karnataka,31.92,2026-06-09
Cauliflower,Bengaluru,Karnataka,28.64,2026-06-09
Cauliflower,Kolar,Karnataka,27.92,2026-06-08
Cauliflower,Bengaluru,Karnataka,27.39,2026-06-08
Cauliflower,Bengaluru,Karnataka,30.02,2026-06-07
Cauliflower,Kolar,Karnataka,30.95,2026-06-07
Cauliflower,Kolar,Karnataka,27.47,2026-06-06
Cauliflower,Bengaluru,Karnataka,30.97,2026-06-06
Cauliflower,Mysuru,Karnataka,30.81,2026-06-05
Cauliflower,Kolar,Karnataka,30.84,2026-06-05
Cauliflower,Mysuru,Karnataka,31.39,2026-06-04
Cauliflower,Kolar,Karnataka,30.01,2026-06-04
Cauliflower,Bengaluru,Karnataka,26.69,2026-06-03
Cauliflower,Mysuru,Karnataka,28.87,2026-06-03
Cauliflower,Mysuru,Karnataka,29.69,2026-06-02
Cauliflower,Kolar,Karnataka,28.29,2026-06-02
Cauliflower,Bengaluru,Karnataka,28.88,2026-06-01
Cauliflower,Mysuru,Karnataka,26.41,2026-06-01
Cauliflower,Mysuru,Karnataka,26.59,2026-05-31
Cauliflower,Kolar,Karnataka,31.16,2026-05-31
Cauliflower,Bengaluru,Karnataka,28.77,2026-05-30
Cauliflower,Mysuru,Karnataka,29.3,2026-05-30
Cauliflower,Kolar,Karnataka,28.64,2026-05-29
Cauliflower,Bengaluru,Karnataka,30.73,2026-05-29
Cauliflower,Kolar,Karnataka,27.85,2026-05-28
Cauliflower,Bengaluru,Karnataka,28.74,2026-05-28
Cauliflower,Bengaluru,Karnataka,28.54,2026-05-27
Cauliflower,Kolar,Karnataka,30.62,2026-05-27
Cauliflower,Mysuru,Karnataka,28.79,2026-05-26
Cauliflower,Bengaluru,Karnataka,26.88,2026-05-26
Cauliflower,Bengaluru,Karnataka,31.53,2026-05-25
Cauliflower,Mysuru,Karnataka,28.85,2026-05-25
Cauliflower,Kolar,Karnataka,27.87,2026-05-24
Cauliflower,Bengaluru,Karnataka,31.05,2026-05-24
Cauliflower,Mysuru,Karnataka,30.17,2026-05-23
Cauliflower,Kolar,Karnataka,29.62,2026-05-23
Cauliflower,Bengaluru,Karnataka,26.06,2026-05-22
Cauliflower,Mysuru,Karnataka,26.22,2026-05-22
Cauliflower,Kolar,Karnataka,27.25,2026-05-21
Cauliflower,Mysuru,Karnataka,29.76,2026-05-21
Cauliflower,Kolar,Karnataka,27.48,2026-05-20
Cauliflower,Bengaluru,Karnataka,28.9,2026-05-20
Cauliflower,Bengaluru,Karnataka,27.29,2026-05-19
Cauliflower,Mysuru,Karnataka,29.25,2026-05-19
Cauliflower,Kolar,Karnataka,26.21,2026-05-18
Cauliflower,Mysuru,Karnataka,29.49,2026-05-18
Cauliflower,Bengaluru,Karnataka,28.59,2026-05-17
Cauliflower,Mysuru,Karnataka,29.06,2026-05-17
Brinjal,Mysuru,Karnataka,23.84,2026-07-15
Brinjal,Bengaluru,Karnataka,24.57,2026-07-15
Brinjal,Kolar,Karnataka,23.75,2026-07-14
Brinjal,Bengaluru,Karnataka,22.72,2026-07-14
Brinjal,Mysuru,Karnataka,22.46,2026-07-13
Brinjal,Bengaluru,Karnataka,21.62,2026-07-13
Brinjal,Bengaluru,Karnataka,25.18,2026-07-12
Brinjal,Mysuru,Karnataka,23.05,2026-07-12
Brinjal,Bengaluru,Karnataka,21.54,2026-07-11
Brinjal,Kolar,Karnataka,22.19,2026-07-11
Brinjal,Bengaluru,Karnataka,23.91,2026-07-10
Brinjal,Kolar,Karnataka,24.9,2026-07-10
Brinjal,Kolar,Karnataka,23.63,2026-07-09
Brinjal,Bengaluru,Karnataka,21.58,2026-07-09
Brinjal,Bengaluru,Karnataka,24.23,2026-07-08
Brinjal,Kolar,Karnataka,21.09,2026-07-08
Brinjal,Mysuru,Karnataka,25.41,2026-07-07
Brinjal,Bengaluru,Karnataka,23.74,2026-07-07
Brinjal,Kolar,Karnataka,22.02,2026-07-06
Brinjal,Mysuru,Karnataka,22.04,2026-07-06
Brinjal,Mysuru,Karnataka,22.66,2026-07-05
Brinjal,Bengaluru,Karnataka,25.36,2026-07-05
Brinjal,Mysuru,Karnataka,24.56,2026-07-04
Brinjal,Kolar,Karnataka,24.6,2026-07-04
Brinjal,Kolar,Karnataka,25.51,2026-07-03
Brinjal,Mysuru,Karnataka,24.81,2026-07-03
Brinjal,Kolar,Karnataka,25.1,2026-07-02
Brinjal,Bengaluru,Karnataka,21.27,2026-07-02
Brinjal,Mysuru,Karnataka,23.64,2026-07-01
Brinjal,Kolar,Karnataka,21.53,2026-07-01
Brinjal,Kolar,Karnataka,22.41,2026-06-30
Brinjal,Bengaluru,Karnataka,24.65,2026-06-30
Brinjal,Mysuru,Karnataka,25.35,2026-06-29
Brinjal,Kolar,Karnataka,21.8,2026-06-29
Brinjal,Mysuru,Karnataka,25.58,2026-06-28
Brinjal,Bengaluru,Karnataka,22.18,2026-06-28
Brinjal,Mysuru,Karnataka,25.54,2026-06-27
Brinjal,Kolar,Karnataka,23.11,2026-06-27
Brinjal,Mysuru,Karnataka,22.3,2026-06-26
Brinjal,Kolar,Karnataka,25.87,2026-06-26
Brinjal,Mysuru,Karnataka,21.35,2026-06-25
Brinjal,Bengaluru,Karnataka,25.61,2026-06-25
Brinjal,Kolar,Karnataka,24.99,2026-06-24
Brinjal,Mysuru,Karnataka,21.9,2026-06-24
Brinjal,Mysuru,Karnataka,24.58,2026-06-23
Brinjal,Kolar,Karnataka,21.94,2026-06-23
Brinjal,Kolar,Karnataka,23.44,2026-06-22
Brinjal,Mysuru,Karnataka,21.34,2026-06-22
Brinjal,Bengaluru,Karnataka,22.56,2026-06-21
Brinjal,Kolar,Karnataka,25.31,2026-06-21
Brinjal,Kolar,Karnataka,21.91,2026-06-20
Brinjal,Mysuru,Karnataka,22.75,2026-06-20
Brinjal,Mysuru,Karnataka,21.64,2026-06-19
Brinjal,Bengaluru,Karnataka,23.41,2026-06-19
Brinjal,Kolar,Karnataka,21.75,2026-06-18
Brinjal,Mysuru,Karnataka,25.44,2026-06-18
Brinjal,Mysuru,Karnataka,24.5,2026-06-17
Brinjal,Bengaluru,Karnataka,24.23,2026-06-17
Brinjal,Kolar,Karnataka,22.91,2026-06-16
Brinjal,Bengaluru,Karnataka,21.53,2026-06-16
Brinjal,Mysuru,Karnataka,24.29,2026-06-15
Brinjal,Bengaluru,Karnataka,22.45,2026-06-15
Brinjal,Kolar,Karnataka,24.11,2026-06-14
Brinjal,Bengaluru,Karnataka,23.32,2026-06-14
Brinjal,Kolar,Karnataka,23.51,2026-06-13
Brinjal,Bengaluru,Karnataka,23.89,2026-06-13
Brinjal,Kolar,Karnataka,26.39,2026-06-12
Brinjal,Mysuru,Karnataka,22.89,2026-06-12
Brinjal,Bengaluru,Karnataka,25.51,2026-06-11
Brinjal,Mysuru,Karnataka,23.37,2026-06-11
Brinjal,Kolar,Karnataka,25.47,2026-06-10
Brinjal,Bengaluru,Karnataka,25.3,2026-06-10
Brinjal,Mysuru,Karnataka,22.0,2026-06-09
Brinjal,Bengaluru,Karnataka,24.43,2026-06-09
Brinjal,Kolar,Karnataka,25.85,2026-06-08
Brinjal,Bengaluru,Karnataka,25.15,2026-06-08
Brinjal,Kolar,Karnataka,24.93,2026-06-07
Brinjal,Mysuru,Karnataka,25.81,2026-06-07
Brinjal,Bengaluru,Karnataka,22.09,2026-06-06
Brinjal,Mysuru,Karnataka,22.89,2026-06-06
Brinjal,Bengaluru,Karnataka,23.49,2026-06-05
Brinjal,Kolar,Karnataka,23.46,2026-06-05
Brinjal,Mysuru,Karnataka,23.23,2026-06-04
Brinjal,Kolar,Karnataka,25.67,2026-06-04
Brinjal,Bengaluru,Karnataka,23.78,2026-06-03
Brinjal,Mysuru,Karnataka,25.85,2026-06-03
Brinjal,Kolar,Karnataka,23.41,2026-06-02
Brinjal,Mysuru,Karnataka,25.99,2026-06-02
Brinjal,Mysuru,Karnataka,25.77,2026-06-01
Brinjal,Kolar,Karnataka,26.51,2026-06-01
Brinjal,Mysuru,Karnataka,26.95,2026-05-31
Brinjal,Kolar,Karnataka,24.6,2026-05-31
Brinjal,Mysuru,Karnataka,26.76,2026-05-30
Brinjal,Kolar,Karnataka,24.76,2026-05-30
Brinjal,Bengaluru,Karnataka,22.64,2026-05-29
Brinjal,Mysuru,Karnataka,25.22,2026-05-29
Brinjal,Bengaluru,Karnataka,23.88,2026-05-28
Brinjal,Mysuru,Karnataka,22.69,2026-05-28
Brinjal,Kolar,Karnataka,23.86,2026-05-27
Brinjal,Mysuru,Karnataka,25.33,2026-05-27
Brinjal,Mysuru,Karnataka,25.81,2026-05-26
Brinjal,Bengaluru,Karnataka,24.13,2026-05-26
Brinjal,Bengaluru,Karnataka,25.49,2026-05-25
Brinjal,Mysuru,Karnataka,24.59,2026-05-25
Brinjal,Kolar,Karnataka,22.85,2026-05-24
Brinjal,Bengaluru,Karnataka,25.65,2026-05-24
Brinjal,Mysuru,Karnataka,27.28,2026-05-23
Brinjal,Bengaluru,Karnataka,23.23,2026-05-23
Brinjal,Kolar,Karnataka,22.74,2026-05-22
Brinjal,Mysuru,Karnataka,22.9,2026-05-22
Brinjal,Kolar,Karnataka,24.43,2026-05-21
Brinjal,Mysuru,Karnataka,27.38,2026-05-21
Brinjal,Bengaluru,Karnataka,26.07,2026-05-20
Brinjal,Kolar,Karnataka,27.43,2026-05-20
Brinjal,Mysuru,Karnataka,26.55,2026-05-19
Brinjal,Kolar,Karnataka,25.6,2026-05-19
Brinjal,Kolar,Karnataka,24.76,2026-05-18
Brinjal,Mysuru,Karnataka,26.03,2026-05-18
Brinjal,Bengaluru,Karnataka,22.93,2026-05-17
Brinjal,Kolar,Karnataka,23.74,2026-05-17
Okra,Kolar,Karnataka,35.02,2026-07-15
Okra,Mysuru,Karnataka,29.88,2026-07-15
Okra,Mysuru,Karnataka,30.44,2026-07-14
Okra,Kolar,Karnataka,33.0,2026-07-14
Okra,Kolar,Karnataka,30.28,2026-07-13
Okra,Mysuru,Karnataka,29.87,2026-07-13
Okra,Bengaluru,Karnataka,30.05,2026-07-12
Okra,Mysuru,Karnataka,33.52,2026-07-12
Okra,Bengaluru,Karnataka,33.16,2026-07-11
Okra,Mysuru,Karnataka,33.43,2026-07-11
Okra,Kolar,Karnataka,34.52,2026-07-10
Okra,Mysuru,Karnataka,34.27,2026-07-10
Okra,Kolar,Karnataka,33.83,2026-07-09
Okra,Bengaluru,Karnataka,32.01,2026-07-09
Okra,Bengaluru,Karnataka,33.75,2026-07-08
Okra,Kolar,Karnataka,30.21,2026-07-08
Okra,Mysuru,Karnataka,30.93,2026-07-07
Okra,Bengaluru,Karnataka,32.28,2026-07-07
Okra,Mysuru,Karnataka,32.46,2026-07-06
Okra,Bengaluru,Karnataka,29.13,2026-07-06
Okra,Mysuru,Karnataka,34.85,2026-07-05
Okra,Kolar,Karnataka,33.08,2026-07-05
Okra,Kolar,Karnataka,33.32,2026-07-04
Okra,Mysuru,Karnataka,33.67,2026-07-04
Okra,Bengaluru,Karnataka,34.54,2026-07-03
Okra,Kolar,Karnataka,32.45,2026-07-03
Okra,Mysuru,Karnataka,32.63,2026-07-02
Okra,Kolar,Karnataka,30.51,2026-07-02
Okra,Kolar,Karnataka,33.11,2026-07-01
Okra,Bengaluru,Karnataka,29.09,2026-07-01
Okra,Kolar,Karnataka,33.44,2026-06-30
Okra,Bengaluru,Karnataka,31.47,2026-06-30
Okra,Mysuru,Karnataka,29.18,2026-06-29
Okra,Bengaluru,Karnataka,34.02,2026-06-29
Okra,Bengaluru,Karnataka,34.03,2026-06-28
Okra,Mysuru,Karnataka,31.35,2026-06-28
Okra,Mysuru,Karnataka,29.61,2026-06-27
Okra,Bengaluru,Karnataka,32.01,2026-06-27
Okra,Kolar,Karnataka,28.77,2026-06-26
Okra,Mysuru,Karnataka,29.87,2026-06-26
Okra,Kolar,Karnataka,31.05,2026-06-25
Okra,Bengaluru,Karnataka,28.98,2026-06-25
Okra,Kolar,Karnataka,28.94,2026-06-24
Okra,Bengaluru,Karnataka,31.74,2026-06-24
Okra,Kolar,Karnataka,33.03,2026-06-23
Okra,Mysuru,Karnataka,31.3,2026-06-23
Okra,Bengaluru,Karnataka,28.04,2026-06-22
Okra,Kolar,Karnataka,31.72,2026-06-22
Okra,Kolar,Karnataka,31.71,2026-06-21
Okra,Mysuru,Karnataka,32.43,2026-06-21
Okra,Mysuru,Karnataka,30.71,2026-06-20
Okra,Bengaluru,Karnataka,31.5,2026-06-20
Okra,Mysuru,Karnataka,30.55,2026-06-19
Okra,Kolar,Karnataka,32.53,2026-06-19
Okra,Kolar,Karnataka,29.36,2026-06-18
Okra,Mysuru,Karnataka,27.98,2026-06-18
Okra,Bengaluru,Karnataka,30.17,2026-06-17
Okra,Kolar,Karnataka,30.44,2026-06-17
Okra,Bengaluru,Karnataka,31.13,2026-06-16
Okra,Mysuru,Karnataka,29.33,2026-06-16
Okra,Kolar,Karnataka,31.84,2026-06-15
Okra,Mysuru,Karnataka,32.61,2026-06-15
Okra,Mysuru,Karnataka,31.94,2026-06-14
Okra,Bengaluru,Karnataka,30.45,2026-06-14
Okra,Bengaluru,Karnataka,28.73,2026-06-13
Okra,Mysuru,Karnataka,28.01,2026-06-13
Okra,Mysuru,Karnataka,28.06,2026-06-12
Okra,Bengaluru,Karnataka,27.52,2026-06-12
Okra,Mysuru,Karnataka,28.66,2026-06-11
Okra,Kolar,Karnataka,32.38,2026-06-11
Okra,Bengaluru,Karnataka,32.73,2026-06-10
Okra,Mysuru,Karnataka,31.45,2026-06-10
Okra,Bengaluru,Karnataka,30.05,2026-06-09
Okra,Kolar,Karnataka,30.15,2026-06-09
Okra,Mysuru,Karnataka,29.99,2026-06-08
Okra,Kolar,Karnataka,27.55,2026-06-08
Okra,Mysuru,Karnataka,32.74,2026-06-07
Okra,Kolar,Karnataka,28.24,2026-06-07
Okra,Mysuru,Karnataka,27.21,2026-06-06
Okra,Bengaluru,Karnataka,29.86,2026-06-06
Okra,Kolar,Karnataka,28.56,2026-06-05
Okra,Mysuru,Karnataka,26.9,2026-06-05
Okra,Bengaluru,Karnataka,27.6,2026-06-04
Okra,Mysuru,Karnataka,28.38,2026-06-04
Okra,Mysuru,Karnataka,28.93,2026-06-03
Okra,Kolar,Karnataka,29.14,2026-06-03
Okra,Kolar,Karnataka,28.86,2026-06-02
Okra,Bengaluru,Karnataka,28.42,2026-06-02
Okra,Mysuru,Karnataka,31.19,2026-06-01
Okra,Kolar,Karnataka,28.32,2026-06-01
Okra,Kolar,Karnataka,27.38,2026-05-31
Okra,Bengaluru,Karnataka,27.19,2026-05-31
Okra,Mysuru,Karnataka,29.86,2026-05-30
Okra,Kolar,Karnataka,28.73,2026-05-30
Okra,Bengaluru,Karnataka,30.08,2026-05-29
Okra,Kolar,Karnataka,28.89,2026-05-29
Okra,Bengaluru,Karnataka,26.71,2026-05-28
Okra,Kolar,Karnataka,30.68,2026-05-28
Okra,Mysuru,Karnataka,27.31,2026-05-27
Okra,Kolar,Karnataka,31.68,2026-05-27
Okra,Bengaluru,Karnataka,31.86,2026-05-26
Okra,Mysuru,Karnataka,28.26,2026-05-26
Okra,Mysuru,Karnataka,29.83,2026-05-25
Okra,Kolar,Karnataka,29.32,2026-05-25
Okra,Kolar,Karnataka,30.45,2026-05-24
Okra,Mysuru,Karnataka,28.06,2026-05-24
Okra,Bengaluru,Karnataka,28.2,2026-05-23
Okra,Mysuru,Karnataka,26.91,2026-05-23
Okra,Mysuru,Karnataka,30.87,2026-05-22
Okra,Kolar,Karnataka,30.46,2026-05-22
Okra,Kolar,Karnataka,29.66,2026-05-21
Okra,Bengaluru,Karnataka,27.74,2026-05-21
Okra,Kolar,Karnataka,30.34,2026-05-20
Okra,Bengaluru,Karnataka,29.54,2026-05-20
Okra,Bengaluru,Karnataka,26.97,2026-05-19
Okra,Mysuru,Karnataka,30.06,2026-05-19
Okra,Bengaluru,Karnataka,27.18,2026-05-18
Okra,Kolar,Karnataka,28.63,2026-05-18
Okra,Mysuru,Karnataka,28.43,2026-05-17
Okra,Bengaluru,Karnataka,27.22,2026-05-17
Cabbage,Kolar,Karnataka,20.9,2026-07-15
Cabbage,Mysuru,Karnataka,20.36,2026-07-15
Cabbage,Bengaluru,Karnataka,19.56,2026-07-14
Cabbage,Kolar,Karnataka,19.72,2026-07-14
Cabbage,Kolar,Karnataka,19.63,2026-07-13
Cabbage,Mysuru,Karnataka,18.8,2026-07-13
Cabbage,Bengaluru,Karnataka,21.18,2026-07-12
Cabbage,Mysuru,Karnataka,18.95,2026-07-12
Cabbage,Mysuru,Karnataka,20.04,2026-07-11
Cabbage,Kolar,Karnataka,18.4,2026-07-11
Cabbage,Bengaluru,Karnataka,19.88,2026-07-10
Cabbage,Mysuru,Karnataka,18.57,2026-07-10
Cabbage,Mysuru,Karnataka,20.5,2026-07-09
Cabbage,Kolar,Karnataka,20.44,2026-07-09
Cabbage,Mysuru,Karnataka,19.65,2026-07-08
Cabbage,Kolar,Karnataka,19.97,2026-07-08
Cabbage,Kolar,Karnataka,18.93,2026-07-07
Cabbage,Mysuru,Karnataka,20.06,2026-07-07
Cabbage,Kolar,Karnataka,21.38,2026-07-06
Cabbage,Mysuru,Karnataka,19.4,2026-07-06
Cabbage,Mysuru,Karnataka,19.02,2026-07-05
Cabbage,Bengaluru,Karnataka,19.01,2026-07-05
Cabbage,Kolar,Karnataka,19.29,2026-07-04
Cabbage,Bengaluru,Karnataka,19.67,2026-07-04
Cabbage,Mysuru,Karnataka,18.8,2026-07-03
Cabbage,Kolar,Karnataka,21.25,2026-07-03
Cabbage,Mysuru,Karnataka,18.53,2026-07-02
Cabbage,Kolar,Karnataka,20.44,2026-07-02
Cabbage,Kolar,Karnataka,18.99,2026-07-01
Cabbage,Bengaluru,Karnataka,20.7,2026-07-01
Cabbage,Kolar,Karnataka,20.62,2026-06-30
Cabbage,Bengaluru,Karnataka,18.27,2026-06-30
Cabbage,Mysuru,Karnataka,20.98,2026-06-29
Cabbage,Kolar,Karnataka,18.5,2026-06-29
Cabbage,Bengaluru,Karnataka,22.02,2026-06-28
Cabbage,Kolar,Karnataka,22.07,2026-06-28
Cabbage,Bengaluru,Karnataka,20.8,2026-06-27
Cabbage,Mysuru,Karnataka,21.72,2026-06-27
Cabbage,Mysuru,Karnataka,20.84,2026-06-26
Cabbage,Kolar,Karnataka,21.26,2026-06-26
Cabbage,Mysuru,Karnataka,19.4,2026-06-25
Cabbage,Kolar,Karnataka,18.48,2026-06-25
Cabbage,Bengaluru,Karnataka,20.45,2026-06-24
Cabbage,Kolar,Karnataka,21.22,2026-06-24
Cabbage,Bengaluru,Karnataka,20.02,2026-06-23
Cabbage,Kolar,Karnataka,21.72,2026-06-23
Cabbage,Bengaluru,Karnataka,21.57,2026-06-22
Cabbage,Mysuru,Karnataka,19.11,2026-06-22
Cabbage,Kolar,Karnataka,21.97,2026-06-21
Cabbage,Mysuru,Karnataka,18.43,2026-06-21
Cabbage,Kolar,Karnataka,22.23,2026-06-20
Cabbage,Bengaluru,Karnataka,19.8,2026-06-20
Cabbage,Mysuru,Karnataka,22.11,2026-06-19
Cabbage,Kolar,Karnataka,19.01,2026-06-19
Cabbage,Kolar,Karnataka,19.62,2026-06-18
Cabbage,Mysuru,Karnataka,21.82,2026-06-18
Cabbage,Mysuru,Karnataka,21.54,2026-06-17
Cabbage,Bengaluru,Karnataka,21.2,2026-06-17
Cabbage,Kolar,Karnataka,18.63,2026-06-16
Cabbage,Bengaluru,Karnataka,19.96,2026-06-16
Cabbage,Mysuru,Karnataka,19.33,2026-06-15
Cabbage,Bengaluru,Karnataka,22.15,2026-06-15
Cabbage,Mysuru,Karnataka,20.78,2026-06-14
Cabbage,Kolar,Karnataka,19.0,2026-06-14
Cabbage,Kolar,Karnataka,19.44,2026-06-13
Cabbage,Bengaluru,Karnataka,19.26,2026-06-13
Cabbage,Mysuru,Karnataka,18.74,2026-06-12
Cabbage,Bengaluru,Karnataka,20.31,2026-06-12
Cabbage,Mysuru,Karnataka,22.72,2026-06-11
Cabbage,Kolar,Karnataka,20.0,2026-06-11
Cabbage,Kolar,Karnataka,19.87,2026-06-10
Cabbage,Bengaluru,Karnataka,20.28,2026-06-10
Cabbage,Bengaluru,Karnataka,21.61,2026-06-09
Cabbage,Kolar,Karnataka,20.76,2026-06-09
Cabbage,Bengaluru,Karnataka,21.72,2026-06-08
Cabbage,Mysuru,Karnataka,22.72,2026-06-08
Cabbage,Kolar,Karnataka,21.78,2026-06-07
Cabbage,Mysuru,Karnataka,21.56,2026-06-07
Cabbage,Mysuru,Karnataka,21.5,2026-06-06
Cabbage,Kolar,Karnataka,19.84,2026-06-06
Cabbage,Bengaluru,Karnataka,19.6,2026-06-05
Cabbage,Mysuru,Karnataka,22.1,2026-06-05
Cabbage,Kolar,Karnataka,20.74,2026-06-04
Cabbage,Mysuru,Karnataka,21.3,2026-06-04
Cabbage,Mysuru,Karnataka,22.24,2026-06-03
Cabbage,Bengaluru,Karnataka,21.89,2026-06-03
Cabbage,Kolar,Karnataka,21.28,2026-06-02
Cabbage,Bengaluru,Karnataka,21.29,2026-06-02
Cabbage,Mysuru,Karnataka,22.97,2026-06-01
Cabbage,Bengaluru,Karnataka,19.56,2026-06-01
Cabbage,Kolar,Karnataka,21.55,2026-05-31
Cabbage,Bengaluru,Karnataka,19.75,2026-05-31
Cabbage,Mysuru,Karnataka,19.64,2026-05-30
Cabbage,Kolar,Karnataka,20.02,2026-05-30
Cabbage,Kolar,Karnataka,19.57,2026-05-29
Cabbage,Mysuru,Karnataka,21.35,2026-05-29
Cabbage,Bengaluru,Karnataka,19.77,2026-05-28
Cabbage,Mysuru,Karnataka,20.98,2026-05-28
Cabbage,Kolar,Karnataka,21.63,2026-05-27
Cabbage,Bengaluru,Karnataka,22.12,2026-05-27
Cabbage,Mysuru,Karnataka,20.97,2026-05-26
Cabbage,Bengaluru,Karnataka,22.77,2026-05-26
Cabbage,Kolar,Karnataka,21.78,2026-05-25
Cabbage,Bengaluru,Karnataka,19.49,2026-05-25
Cabbage,Mysuru,Karnataka,21.65,2026-05-24
Cabbage,Bengaluru,Karnataka,19.59,2026-05-24
Cabbage,Bengaluru,Karnataka,19.49,2026-05-23
Cabbage,Mysuru,Karnataka,21.12,2026-05-23
Cabbage,Bengaluru,Karnataka,21.0,2026-05-22
Cabbage,Mysuru,Karnataka,23.23,2026-05-22
Cabbage,Mysuru,Karnataka,21.04,2026-05-21
Cabbage,Kolar,Karnataka,22.36,2026-05-21
Cabbage,Kolar,Karnataka,22.27,2026-05-20
Cabbage,Bengaluru,Karnataka,20.95,2026-05-20
Cabbage,Bengaluru,Karnataka,21.76,2026-05-19
Cabbage,Mysuru,Karnataka,22.62,2026-05-19
Cabbage,Bengaluru,Karnataka,22.77,2026-05-18
Cabbage,Kolar,Karnataka,23.74,2026-05-18
Cabbage,Mysuru,Karnataka,21.83,2026-05-17
Cabbage,Kolar,Karnataka,23.1,2026-05-17
Green Chilli,Bengaluru,Karnataka,58.86,2026-07-15
Green Chilli,Mysuru,Karnataka,58.0,2026-07-15
Green Chilli,Kolar,Karnataka,55.1,2026-07-14
Green Chilli,Bengaluru,Karnataka,62.73,2026-07-14
Green Chilli,Kolar,Karnataka,57.68,2026-07-13
Green Chilli,Bengaluru,Karnataka,55.57,2026-07-13
Green Chilli,Kolar,Karnataka,60.24,2026-07-12
Green Chilli,Bengaluru,Karnataka,62.98,2026-07-12
Green Chilli,Bengaluru,Karnataka,63.87,2026-07-11
Green Chilli,Kolar,Karnataka,59.75,2026-07-11
Green Chilli,Bengaluru,Karnataka,64.09,2026-07-10
Green Chilli,Kolar,Karnataka,64.36,2026-07-10
Green Chilli,Bengaluru,Karnataka,57.79,2026-07-09
Green Chilli,Mysuru,Karnataka,66.12,2026-07-09
Green Chilli,Kolar,Karnataka,62.03,2026-07-08
Green Chilli,Mysuru,Karnataka,64.41,2026-07-08
Green Chilli,Mysuru,Karnataka,58.7,2026-07-07
Green Chilli,Bengaluru,Karnataka,56.76,2026-07-07
Green Chilli,Kolar,Karnataka,60.11,2026-07-06
Green Chilli,Bengaluru,Karnataka,58.41,2026-07-06
Green Chilli,Kolar,Karnataka,62.75,2026-07-05
Green Chilli,Bengaluru,Karnataka,60.31,2026-07-05
Green Chilli,Mysuru,Karnataka,67.03,2026-07-04
Green Chilli,Bengaluru,Karnataka,66.65,2026-07-04
Green Chilli,Kolar,Karnataka,64.78,2026-07-03
Green Chilli,Mysuru,Karnataka,59.06,2026-07-03
Green Chilli,Mysuru,Karnataka,57.01,2026-07-02
Green Chilli,Kolar,Karnataka,59.8,2026-07-02
Green Chilli,Kolar,Karnataka,58.17,2026-07-01
Green Chilli,Mysuru,Karnataka,57.98,2026-07-01
Green Chilli,Kolar,Karnataka,65.13,2026-06-30
Green Chilli,Bengaluru,Karnataka,66.47,2026-06-30
Green Chilli,Kolar,Karnataka,67.15,2026-06-29
Green Chilli,Mysuru,Karnataka,62.11,2026-06-29
Green Chilli,Bengaluru,Karnataka,58.27,2026-06-28
Green Chilli,Mysuru,Karnataka,57.79,2026-06-28
Green Chilli,Kolar,Karnataka,66.64,2026-06-27
Green Chilli,Bengaluru,Karnataka,65.72,2026-06-27
Green Chilli,Bengaluru,Karnataka,55.96,2026-06-26
Green Chilli,Kolar,Karnataka,59.97,2026-06-26
Green Chilli,Kolar,Karnataka,66.09,2026-06-25
Green Chilli,Bengaluru,Karnataka,57.66,2026-06-25
Green Chilli,Kolar,Karnataka,61.26,2026-06-24
Green Chilli,Bengaluru,Karnataka,66.06,2026-06-24
Green Chilli,Mysuru,Karnataka,67.16,2026-06-23
Green Chilli,Kolar,Karnataka,55.57,2026-06-23
Green Chilli,Bengaluru,Karnataka,64.59,2026-06-22
Green Chilli,Kolar,Karnataka,64.68,2026-06-22
Green Chilli,Bengaluru,Karnataka,60.29,2026-06-21
Green Chilli,Kolar,Karnataka,58.35,2026-06-21
Green Chilli,Mysuru,Karnataka,60.1,2026-06-20
Green Chilli,Kolar,Karnataka,61.99,2026-06-20
Green Chilli,Mysuru,Karnataka,58.65,2026-06-19
Green Chilli,Kolar,Karnataka,61.74,2026-06-19
Green Chilli,Mysuru,Karnataka,56.65,2026-06-18
Green Chilli,Kolar,Karnataka,67.52,2026-06-18
Green Chilli,Mysuru,Karnataka,66.7,2026-06-17
Green Chilli,Kolar,Karnataka,60.0,2026-06-17
Green Chilli,Mysuru,Karnataka,62.37,2026-06-16
Green Chilli,Bengaluru,Karnataka,58.16,2026-06-16
Green Chilli,Bengaluru,Karnataka,58.65,2026-06-15
Green Chilli,Kolar,Karnataka,66.96,2026-06-15
Green Chilli,Kolar,Karnataka,59.08,2026-06-14
Green Chilli,Mysuru,Karnataka,57.86,2026-06-14
Green Chilli,Bengaluru,Karnataka,62.46,2026-06-13
Green Chilli,Mysuru,Karnataka,58.46,2026-06-13
Green Chilli,Kolar,Karnataka,58.6,2026-06-12
Green Chilli,Mysuru,Karnataka,65.55,2026-06-12
Green Chilli,Kolar,Karnataka,61.1,2026-06-11
Green Chilli,Mysuru,Karnataka,64.45,2026-06-11
Green Chilli,Mysuru,Karnataka,57.14,2026-06-10
Green Chilli,Bengaluru,Karnataka,62.15,2026-06-10
Green Chilli,Bengaluru,Karnataka,61.86,2026-06-09
Green Chilli,Kolar,Karnataka,65.74,2026-06-09
Green Chilli,Bengaluru,Karnataka,64.81,2026-06-08
Green Chilli,Kolar,Karnataka,60.48,2026-06-08
Green Chilli,Kolar,Karnataka,56.22,2026-06-07
Green Chilli,Bengaluru,Karnataka,57.25,2026-06-07
Green Chilli,Bengaluru,Karnataka,59.96,2026-06-06
Green Chilli,Mysuru,Karnataka,62.97,2026-06-06
Green Chilli,Kolar,Karnataka,63.47,2026-06-05
Green Chilli,Mysuru,Karnataka,55.55,2026-06-05
Green Chilli,Kolar,Karnataka,55.48,2026-06-04
Green Chilli,Mysuru,Karnataka,61.85,2026-06-04
Green Chilli,Mysuru,Karnataka,55.53,2026-06-03
Green Chilli,Kolar,Karnataka,65.31,2026-06-03
Green Chilli,Kolar,Karnataka,65.2,2026-06-02
Green Chilli,Mysuru,Karnataka,66.48,2026-06-02
Green Chilli,Bengaluru,Karnataka,61.71,2026-06-01
Green Chilli,Kolar,Karnataka,58.23,2026-06-01
Green Chilli,Kolar,Karnataka,65.26,2026-05-31
Green Chilli,Mysuru,Karnataka,58.53,2026-05-31
Green Chilli,Mysuru,Karnataka,59.8,2026-05-30
Green Chilli,Bengaluru,Karnataka,60.2,2026-05-30
Green Chilli,Kolar,Karnataka,67.34,2026-05-29
Green Chilli,Bengaluru,Karnataka,57.96,2026-05-29
Green Chilli,Kolar,Karnataka,63.18,2026-05-28
Green Chilli,Bengaluru,Karnataka,65.68,2026-05-28
Green Chilli,Bengaluru,Karnataka,60.1,2026-05-27
Green Chilli,Kolar,Karnataka,59.75,2026-05-27
Green Chilli,Mysuru,Karnataka,62.89,2026-05-26
Green Chilli,Bengaluru,Karnataka,63.7,2026-05-26
Green Chilli,Bengaluru,Karnataka,65.41,2026-05-25
Green Chilli,Mysuru,Karnataka,62.95,2026-05-25
Green Chilli,Mysuru,Karnataka,65.97,2026-05-24
Green Chilli,Bengaluru,Karnataka,66.27,2026-05-24
Green Chilli,Bengaluru,Karnataka,66.0,2026-05-23
Green Chilli,Kolar,Karnataka,63.45,2026-05-23
Green Chilli,Kolar,Karnataka,58.26,2026-05-22
Green Chilli,Mysuru,Karnataka,66.23,2026-05-22
Green Chilli,Kolar,Karnataka,65.88,2026-05-21
Green Chilli,Mysuru,Karnataka,61.78,2026-05-21
Green Chilli,Bengaluru,Karnataka,66.19,2026-05-20
Green Chilli,Kolar,Karnataka,58.7,2026-05-20
Green Chilli,Bengaluru,Karnataka,63.98,2026-05-19
Green Chilli,Kolar,Karnataka,63.5,2026-05-19
Green Chilli,Mysuru,Karnataka,58.42,2026-05-18
Green Chilli,Bengaluru,Karnataka,61.64,2026-05-18
Green Chilli,Kolar,Karnataka,62.96,2026-05-17
Green Chilli,Mysuru,Karnataka,61.3,2026-05-17
Banana,Mysuru,Karnataka,46.83,2026-07-15
Banana,Bengaluru,Karnataka,45.93,2026-07-15
Banana,Bengaluru,Karnataka,40.27,2026-07-14
Banana,Mysuru,Karnataka,43.66,2026-07-14
Banana,Bengaluru,Karnataka,45.11,2026-07-13
Banana,Mysuru,Karnataka,45.18,2026-07-13
Banana,Kolar,Karnataka,48.28,2026-07-12
Banana,Mysuru,Karnataka,42.6,2026-07-12
Banana,Kolar,Karnataka,46.6,2026-07-11
Banana,Mysuru,Karnataka,43.66,2026-07-11
Banana,Bengaluru,Karnataka,44.52,2026-07-10
Banana,Mysuru,Karnataka,42.95,2026-07-10
Banana,Bengaluru,Karnataka,40.36,2026-07-09
Banana,Mysuru,Karnataka,45.05,2026-07-09
Banana,Bengaluru,Karnataka,40.29,2026-07-08
Banana,Kolar,Karnataka,40.92,2026-07-08
Banana,Kolar,Karnataka,46.02,2026-07-07
Banana,Bengaluru,Karnataka,42.3,2026-07-07
Banana,Bengaluru,Karnataka,39.52,2026-07-06
Banana,Kolar,Karnataka,42.18,2026-07-06
Banana,Mysuru,Karnataka,40.33,2026-07-05
Banana,Kolar,Karnataka,40.2,2026-07-05
Banana,Mysuru,Karnataka,44.26,2026-07-04
Banana,Kolar,Karnataka,43.87,2026-07-04
Banana,Bengaluru,Karnataka,40.12,2026-07-03
Banana,Kolar,Karnataka,44.19,2026-07-03
Banana,Kolar,Karnataka,46.84,2026-07-02
Banana,Mysuru,Karnataka,39.4,2026-07-02
Banana,Mysuru,Karnataka,46.04,2026-07-01
Banana,Kolar,Karnataka,45.57,2026-07-01
Banana,Kolar,Karnataka,44.18,2026-06-30
Banana,Bengaluru,Karnataka,40.67,2026-06-30
Banana,Mysuru,Karnataka,40.35,2026-06-29
Banana,Bengaluru,Karnataka,41.76,2026-06-29
Banana,Mysuru,Karnataka,39.64,2026-06-28
Banana,Bengaluru,Karnataka,42.87,2026-06-28
Banana,Mysuru,Karnataka,43.24,2026-06-27
Banana,Kolar,Karnataka,39.71,2026-06-27
Banana,Mysuru,Karnataka,45.23,2026-06-26
Banana,Bengaluru,Karnataka,43.28,2026-06-26
Banana,Kolar,Karnataka,42.9,2026-06-25
Banana,Bengaluru,Karnataka,40.11,2026-06-25
Banana,Bengaluru,Karnataka,41.75,2026-06-24
Banana,Mysuru,Karnataka,44.24,2026-06-24
Banana,Mysuru,Karnataka,41.71,2026-06-23
Banana,Kolar,Karnataka,45.86,2026-06-23
Banana,Kolar,Karnataka,41.35,2026-06-22
Banana,Bengaluru,Karnataka,43.96,2026-06-22
Banana,Kolar,Karnataka,42.83,2026-06-21
Banana,Bengaluru,Karnataka,40.24,2026-06-21
Banana,Mysuru,Karnataka,41.15,2026-06-20
Banana,Kolar,Karnataka,44.62,2026-06-20
Banana,Mysuru,Karnataka,41.39,2026-06-19
Banana,Bengaluru,Karnataka,40.99,2026-06-19
Banana,Mysuru,Karnataka,39.51,2026-06-18
Banana,Kolar,Karnataka,43.36,2026-06-18
Banana,Kolar,Karnataka,44.3,2026-06-17
Banana,Bengaluru,Karnataka,43.17,2026-06-17
Banana,Kolar,Karnataka,46.46,2026-06-16
Banana,Mysuru,Karnataka,40.2,2026-06-16
Banana,Mysuru,Karnataka,45.33,2026-06-15
Banana,Bengaluru,Karnataka,45.13,2026-06-15
Banana,Mysuru,Karnataka,39.47,2026-06-14
Banana,Kolar,Karnataka,40.86,2026-06-14
Banana,Mysuru,Karnataka,44.3,2026-06-13
Banana,Bengaluru,Karnataka,44.92,2026-06-13
Banana,Bengaluru,Karnataka,46.56,2026-06-12
Banana,Mysuru,Karnataka,42.22,2026-06-12
Banana,Mysuru,Karnataka,42.69,2026-06-11
Banana,Kolar,Karnataka,44.79,2026-06-11
Banana,Mysuru,Karnataka,38.95,2026-06-10
Banana,Bengaluru,Karnataka,40.12,2026-06-10
Banana,Kolar,Karnataka,39.36,2026-06-09
Banana,Mysuru,Karnataka,43.13,2026-06-09
Banana,Kolar,Karnataka,46.04,2026-06-08
Banana,Mysuru,Karnataka,40.69,2026-06-08
Banana,Mysuru,Karnataka,37.92,2026-06-07
Banana,Bengaluru,Karnataka,40.0,2026-06-07
Banana,Kolar,Karnataka,41.5,2026-06-06
Banana,Bengaluru,Karnataka,41.04,2026-06-06
Banana,Kolar,Karnataka,40.58,2026-06-05
Banana,Bengaluru,Karnataka,37.9,2026-06-05
Banana,Bengaluru,Karnataka,41.1,2026-06-04
Banana,Mysuru,Karnataka,45.66,2026-06-04
Banana,Bengaluru,Karnataka,40.46,2026-06-03
Banana,Kolar,Karnataka,40.42,2026-06-03
Banana,Bengaluru,Karnataka,40.38,2026-06-02
Banana,Mysuru,Karnataka,38.3,2026-06-02
Banana,Kolar,Karnataka,40.07,2026-06-01
Banana,Mysuru,Karnataka,39.91,2026-06-01
Banana,Kolar,Karnataka,37.53,2026-05-31
Banana,Bengaluru,Karnataka,40.19,2026-05-31
Banana,Bengaluru,Karnataka,44.97,2026-05-30
Banana,Kolar,Karnataka,43.41,2026-05-30
Banana,Kolar,Karnataka,41.76,2026-05-29
Banana,Bengaluru,Karnataka,39.94,2026-05-29
Banana,Mysuru,Karnataka,39.04,2026-05-28
Banana,Kolar,Karnataka,40.47,2026-05-28
Banana,Bengaluru,Karnataka,42.33,2026-05-27
Banana,Kolar,Karnataka,40.62,2026-05-27
Banana,Bengaluru,Karnataka,40.68,2026-05-26
Banana,Kolar,Karnataka,40.52,2026-05-26
Banana,Bengaluru,Karnataka,38.6,2026-05-25
Banana,Kolar,Karnataka,43.08,2026-05-25
Banana,Bengaluru,Karnataka,43.39,2026-05-24
Banana,Kolar,Karnataka,41.24,2026-05-24
Banana,Mysuru,Karnataka,38.38,2026-05-23
Banana,Kolar,Karnataka,37.7,2026-05-23
Banana,Kolar,Karnataka,41.0,2026-05-22
Banana,Mysuru,Karnataka,41.9,2026-05-22
Banana,Kolar,Karnataka,41.59,2026-05-21
Banana,Mysuru,Karnataka,41.4,2026-05-21
Banana,Mysuru,Karnataka,43.41,2026-05-20
Banana,Kolar,Karnataka,41.56,2026-05-20
Banana,Kolar,Karnataka,43.92,2026-05-19
Banana,Mysuru,Karnataka,41.26,2026-05-19
Banana,Kolar,Karnataka,38.93,2026-05-18
Banana,Bengaluru,Karnataka,38.33,2026-05-18
Banana,Bengaluru,Karnataka,39.34,2026-05-17
Banana,Kolar,Karnataka,37.47,2026-05-17
Apple,Mysuru,Karnataka,123.65,2026-07-15
Apple,Kolar,Karnataka,123.12,2026-07-15
Apple,Mysuru,Karnataka,120.74,2026-07-14
Apple,Bengaluru,Karnataka,121.96,2026-07-14
Apple,Kolar,Karnataka,122.14,2026-07-13
Apple,Bengaluru,Karnataka,120.56,2026-07-13
Apple,Bengaluru,Karnataka,116.09,2026-07-12
Apple,Kolar,Karnataka,119.38,2026-07-12
Apple,Bengaluru,Karnataka,131.19,2026-07-11
Apple,Mysuru,Karnataka,119.95,2026-07-11
Apple,Bengaluru,Karnataka,131.21,2026-07-10
Apple,Mysuru,Karnataka,120.2,2026-07-10
Apple,Mysuru,Karnataka,124.25,2026-07-09
Apple,Kolar,Karnataka,117.8,2026-07-09
Apple,Mysuru,Karnataka,111.61,2026-07-08
Apple,Kolar,Karnataka,121.14,2026-07-08
Apple,Bengaluru,Karnataka,108.17,2026-07-07
Apple,Mysuru,Karnataka,112.76,2026-07-07
Apple,Mysuru,Karnataka,125.76,2026-07-06
Apple,Bengaluru,Karnataka,120.64,2026-07-06
Apple,Mysuru,Karnataka,120.56,2026-07-05
Apple,Bengaluru,Karnataka,113.31,2026-07-05
Apple,Kolar,Karnataka,119.58,2026-07-04
Apple,Mysuru,Karnataka,124.67,2026-07-04
Apple,Kolar,Karnataka,119.43,2026-07-03
Apple,Mysuru,Karnataka,129.93,2026-07-03
Apple,Bengaluru,Karnataka,113.31,2026-07-02
Apple,Kolar,Karnataka,129.88,2026-07-02
Apple,Mysuru,Karnataka,114.28,2026-07-01
Apple,Kolar,Karnataka,125.31,2026-07-01
Apple,Mysuru,Karnataka,124.08,2026-06-30
Apple,Bengaluru,Karnataka,111.41,2026-06-30
Apple,Kolar,Karnataka,125.83,2026-06-29
Apple,Mysuru,Karnataka,119.94,2026-06-29
Apple,Mysuru,Karnataka,119.83,2026-06-28
Apple,Bengaluru,Karnataka,123.79,2026-06-28
Apple,Bengaluru,Karnataka,118.51,2026-06-27
Apple,Kolar,Karnataka,117.63,2026-06-27
Apple,Kolar,Karnataka,112.52,2026-06-26
Apple,Bengaluru,Karnataka,121.39,2026-06-26
Apple,Mysuru,Karnataka,126.92,2026-06-25
Apple,Kolar,Karnataka,116.72,2026-06-25
Apple,Kolar,Karnataka,107.68,2026-06-24
Apple,Bengaluru,Karnataka,121.96,2026-06-24
Apple,Mysuru,Karnataka,127.33,2026-06-23
Apple,Bengaluru,Karnataka,124.42,2026-06-23
Apple,Bengaluru,Karnataka,109.88,2026-06-22
Apple,Kolar,Karnataka,120.56,2026-06-22
Apple,Bengaluru,Karnataka,115.19,2026-06-21
Apple,Mysuru,Karnataka,117.23,2026-06-21
Apple,Mysuru,Karnataka,112.33,2026-06-20
Apple,Kolar,Karnataka,105.42,2026-06-20
Apple,Bengaluru,Karnataka,115.33,2026-06-19
Apple,Mysuru,Karnataka,109.87,2026-06-19
Apple,Mysuru,Karnataka,125.07,2026-06-18
Apple,Kolar,Karnataka,110.78,2026-06-18
Apple,Bengaluru,Karnataka,119.8,2026-06-17
Apple,Kolar,Karnataka,113.56,2026-06-17
Apple,Kolar,Karnataka,122.28,2026-06-16
Apple,Mysuru,Karnataka,121.04,2026-06-16
Apple,Mysuru,Karnataka,124.73,2026-06-15
Apple,Bengaluru,Karnataka,121.46,2026-06-15
Apple,Mysuru,Karnataka,109.8,2026-06-14
Apple,Kolar,Karnataka,108.9,2026-06-14
Apple,Kolar,Karnataka,115.11,2026-06-13
Apple,Bengaluru,Karnataka,113.27,2026-06-13
Apple,Mysuru,Karnataka,103.09,2026-06-12
Apple,Bengaluru,Karnataka,116.25,2026-06-12
Apple,Mysuru,Karnataka,104.66,2026-06-11
Apple,Bengaluru,Karnataka,121.26,2026-06-11
Apple,Mysuru,Karnataka,101.67,2026-06-10
Apple,Kolar,Karnataka,123.3,2026-06-10
Apple,Bengaluru,Karnataka,121.35,2026-06-09
Apple,Kolar,Karnataka,108.27,2026-06-09
Apple,Mysuru,Karnataka,116.0,2026-06-08
Apple,Bengaluru,Karnataka,106.9,2026-06-08
Apple,Mysuru,Karnataka,102.24,2026-06-07
Apple,Bengaluru,Karnataka,115.13,2026-06-07
Apple,Kolar,Karnataka,110.52,2026-06-06
Apple,Bengaluru,Karnataka,102.94,2026-06-06
Apple,Bengaluru,Karnataka,105.48,2026-06-05
Apple,Kolar,Karnataka,102.45,2026-06-05
Apple,Kolar,Karnataka,112.13,2026-06-04
Apple,Bengaluru,Karnataka,110.46,2026-06-04
Apple,Bengaluru,Karnataka,118.56,2026-06-03
Apple,Mysuru,Karnataka,122.38,2026-06-03
Apple,Mysuru,Karnataka,110.8,2026-06-02
Apple,Bengaluru,Karnataka,105.26,2026-06-02
Apple,Bengaluru,Karnataka,102.28,2026-06-01
Apple,Kolar,Karnataka,108.15,2026-06-01
Apple,Mysuru,Karnataka,108.3,2026-05-31
Apple,Bengaluru,Karnataka,117.85,2026-05-31
Apple,Bengaluru,Karnataka,101.16,2026-05-30
Apple,Kolar,Karnataka,112.11,2026-05-30
Apple,Kolar,Karnataka,109.2,2026-05-29
Apple,Bengaluru,Karnataka,115.44,2026-05-29
Apple,Kolar,Karnataka,119.6,2026-05-28
Apple,Bengaluru,Karnataka,112.9,2026-05-28
Apple,Mysuru,Karnataka,101.05,2026-05-27
Apple,Bengaluru,Karnataka,101.35,2026-05-27
Apple,Bengaluru,Karnataka,106.71,2026-05-26
Apple,Mysuru,Karnataka,108.42,2026-05-26
Apple,Bengaluru,Karnataka,104.9,2026-05-25
Apple,Kolar,Karnataka,100.67,2026-05-25
Apple,Kolar,Karnataka,115.74,2026-05-24
Apple,Mysuru,Karnataka,113.8,2026-05-24
Apple,Kolar,Karnataka,103.01,2026-05-23
Apple,Mysuru,Karnataka,111.8,2026-05-23
Apple,Bengaluru,Karnataka,104.82,2026-05-22
Apple,Mysuru,Karnataka,99.55,2026-05-22
Apple,Bengaluru,Karnataka,106.63,2026-05-21
Apple,Mysuru,Karnataka,103.47,2026-05-21
Apple,Kolar,Karnataka,109.58,2026-05-20
Apple,Bengaluru,Karnataka,119.37,2026-05-20
Apple,Mysuru,Karnataka,100.8,2026-05-19
Apple,Kolar,Karnataka,116.66,2026-05-19
Apple,Kolar,Karnataka,105.73,2026-05-18
Apple,Mysuru,Karnataka,112.63,2026-05-18
Apple,Mysuru,Karnataka,98.01,2026-05-17
Apple,Bengaluru,Karnataka,99.12,2026-05-17
Mango,Mysuru,Karnataka,73.43,2026-07-15
Mango,Bengaluru,Karnataka,73.76,2026-07-15
Mango,Mysuru,Karnataka,82.78,2026-07-14
Mango,Kolar,Karnataka,80.72,2026-07-14
Mango,Mysuru,Karnataka,83.79,2026-07-13
Mango,Kolar,Karnataka,73.81,2026-07-13
Mango,Kolar,Karnataka,76.8,2026-07-12
Mango,Bengaluru,Karnataka,77.32,2026-07-12
Mango,Kolar,Karnataka,87.82,2026-07-11
Mango,Bengaluru,Karnataka,74.68,2026-07-11
Mango,Mysuru,Karnataka,81.43,2026-07-10
Mango,Kolar,Karnataka,84.26,2026-07-10
Mango,Kolar,Karnataka,76.85,2026-07-09
Mango,Bengaluru,Karnataka,78.88,2026-07-09
Mango,Bengaluru,Karnataka,75.64,2026-07-08
Mango,Kolar,Karnataka,86.48,2026-07-08
Mango,Bengaluru,Karnataka,81.34,2026-07-07
Mango,Mysuru,Karnataka,72.47,2026-07-07
Mango,Kolar,Karnataka,73.34,2026-07-06
Mango,Bengaluru,Karnataka,82.69,2026-07-06
Mango,Kolar,Karnataka,73.89,2026-07-05
Mango,Bengaluru,Karnataka,86.4,2026-07-05
Mango,Kolar,Karnataka,73.79,2026-07-04
Mango,Mysuru,Karnataka,73.16,2026-07-04
Mango,Mysuru,Karnataka,83.17,2026-07-03
Mango,Bengaluru,Karnataka,71.47,2026-07-03
Mango,Mysuru,Karnataka,79.1,2026-07-02
Mango,Kolar,Karnataka,74.99,2026-07-02
Mango,Kolar,Karnataka,78.5,2026-07-01
Mango,Bengaluru,Karnataka,78.73,2026-07-01
Mango,Bengaluru,Karnataka,84.04,2026-06-30
Mango,Mysuru,Karnataka,73.18,2026-06-30
Mango,Bengaluru,Karnataka,82.51,2026-06-29
Mango,Mysuru,Karnataka,84.41,2026-06-29
Mango,Kolar,Karnataka,73.83,2026-06-28
Mango,Bengaluru,Karnataka,78.21,2026-06-28
Mango,Bengaluru,Karnataka,73.93,2026-06-27
Mango,Kolar,Karnataka,77.47,2026-06-27
Mango,Mysuru,Karnataka,72.76,2026-06-26
Mango,Bengaluru,Karnataka,84.91,2026-06-26
Mango,Bengaluru,Karnataka,73.32,2026-06-25
Mango,Mysuru,Karnataka,73.69,2026-06-25
Mango,Kolar,Karnataka,73.89,2026-06-24
Mango,Mysuru,Karnataka,70.9,2026-06-24
Mango,Mysuru,Karnataka,77.31,2026-06-23
Mango,Bengaluru,Karnataka,83.49,2026-06-23
Mango,Bengaluru,Karnataka,81.81,2026-06-22
Mango,Kolar,Karnataka,84.54,2026-06-22
Mango,Mysuru,Karnataka,82.76,2026-06-21
Mango,Bengaluru,Karnataka,82.59,2026-06-21
Mango,Mysuru,Karnataka,70.45,2026-06-20
Mango,Kolar,Karnataka,76.14,2026-06-20
Mango,Mysuru,Karnataka,73.45,2026-06-19
Mango,Bengaluru,Karnataka,81.01,2026-06-19
Mango,Kolar,Karnataka,75.94,2026-06-18
Mango,Bengaluru,Karnataka,77.9,2026-06-18
Mango,Mysuru,Karnataka,79.89,2026-06-17
Mango,Bengaluru,Karnataka,77.05,2026-06-17
Mango,Bengaluru,Karnataka,68.67,2026-06-16
Mango,Kolar,Karnataka,74.82,2026-06-16
Mango,Bengaluru,Karnataka,78.1,2026-06-15
Mango,Mysuru,Karnataka,78.98,2026-06-15
Mango,Bengaluru,Karnataka,68.32,2026-06-14
Mango,Mysuru,Karnataka,78.27,2026-06-14
Mango,Kolar,Karnataka,69.74,2026-06-13
Mango,Mysuru,Karnataka,76.19,2026-06-13
Mango,Bengaluru,Karnataka,75.47,2026-06-12
Mango,Mysuru,Karnataka,68.94,2026-06-12
Mango,Bengaluru,Karnataka,69.3,2026-06-11
Mango,Mysuru,Karnataka,81.8,2026-06-11
Mango,Kolar,Karnataka,78.32,2026-06-10
Mango,Mysuru,Karnataka,73.38,2026-06-10
Mango,Kolar,Karnataka,76.37,2026-06-09
Mango,Bengaluru,Karnataka,75.24,2026-06-09
Mango,Kolar,Karnataka,68.64,2026-06-08
Mango,Mysuru,Karnataka,76.03,2026-06-08
Mango,Mysuru,Karnataka,70.93,2026-06-07
Mango,Bengaluru,Karnataka,71.29,2026-06-07
Mango,Mysuru,Karnataka,77.73,2026-06-06
Mango,Kolar,Karnataka,78.25,2026-06-06
Mango,Mysuru,Karnataka,71.19,2026-06-05
Mango,Kolar,Karnataka,68.25,2026-06-05
Mango,Bengaluru,Karnataka,78.63,2026-06-04
Mango,Kolar,Karnataka,75.72,2026-06-04
Mango,Bengaluru,Karnataka,69.34,2026-06-03
Mango,Kolar,Karnataka,73.82,2026-06-03
Mango,Mysuru,Karnataka,74.73,2026-06-02
Mango,Bengaluru,Karnataka,81.09,2026-06-02
Mango,Bengaluru,Karnataka,71.22,2026-06-01
Mango,Mysuru,Karnataka,70.58,2026-06-01
Mango,Bengaluru,Karnataka,68.87,2026-05-31
Mango,Kolar,Karnataka,76.69,2026-05-31
Mango,Kolar,Karnataka,69.6,2026-05-30
Mango,Bengaluru,Karnataka,79.07,2026-05-30
Mango,Bengaluru,Karnataka,76.79,2026-05-29
Mango,Kolar,Karnataka,80.58,2026-05-29
Mango,Mysuru,Karnataka,76.17,2026-05-28
Mango,Bengaluru,Karnataka,70.03,2026-05-28
Mango,Bengaluru,Karnataka,80.08,2026-05-27
Mango,Kolar,Karnataka,78.65,2026-05-27
Mango,Kolar,Karnataka,67.37,2026-05-26
Mango,Bengaluru,Karnataka,67.48,2026-05-26
Mango,Bengaluru,Karnataka,66.06,2026-05-25
Mango,Kolar,Karnataka,78.04,2026-05-25
Mango,Bengaluru,Karnataka,68.67,2026-05-24
Mango,Kolar,Karnataka,71.63,2026-05-24
Mango,Kolar,Karnataka,74.17,2026-05-23
Mango,Bengaluru,Karnataka,69.45,2026-05-23
Mango,Bengaluru,Karnataka,80.1,2026-05-22
Mango,Kolar,Karnataka,68.45,2026-05-22
Mango,Kolar,Karnataka,77.25,2026-05-21
Mango,Mysuru,Karnataka,66.81,2026-05-21
Mango,Mysuru,Karnataka,66.0,2026-05-20
Mango,Bengaluru,Karnataka,72.08,2026-05-20
Mango,Bengaluru,Karnataka,77.2,2026-05-19
Mango,Mysuru,Karnataka,71.01,2026-05-19
Mango,Bengaluru,Karnataka,75.09,2026-05-18
Mango,Mysuru,Karnataka,67.69,2026-05-18
Mango,Bengaluru,Karnataka,69.08,2026-05-17
Mango,Kolar,Karnataka,71.55,2026-05-17
Papaya,Bengaluru,Karnataka,36.02,2026-07-15
Papaya,Kolar,Karnataka,36.04,2026-07-15
Papaya,Kolar,Karnataka,35.28,2026-07-14
Papaya,Mysuru,Karnataka,37.99,2026-07-14
Papaya,Mysuru,Karnataka,32.44,2026-07-13
Papaya,Bengaluru,Karnataka,34.53,2026-07-13
Papaya,Mysuru,Karnataka,36.44,2026-07-12
Papaya,Bengaluru,Karnataka,37.54,2026-07-12
Papaya,Bengaluru,Karnataka,38.98,2026-07-11
Papaya,Kolar,Karnataka,37.5,2026-07-11
Papaya,Mysuru,Karnataka,35.89,2026-07-10
Papaya,Kolar,Karnataka,35.46,2026-07-10
Papaya,Kolar,Karnataka,34.85,2026-07-09
Papaya,Mysuru,Karnataka,33.36,2026-07-09
Papaya,Mysuru,Karnataka,32.35,2026-07-08
Papaya,Bengaluru,Karnataka,37.94,2026-07-08
Papaya,Mysuru,Karnataka,38.0,2026-07-07
Papaya,Bengaluru,Karnataka,35.58,2026-07-07
Papaya,Mysuru,Karnataka,39.26,2026-07-06
Papaya,Bengaluru,Karnataka,32.99,2026-07-06
Papaya,Kolar,Karnataka,34.25,2026-07-05
Papaya,Bengaluru,Karnataka,38.2,2026-07-05
Papaya,Kolar,Karnataka,37.9,2026-07-04
Papaya,Bengaluru,Karnataka,39.22,2026-07-04
Papaya,Kolar,Karnataka,35.02,2026-07-03
Papaya,Mysuru,Karnataka,38.52,2026-07-03
Papaya,Bengaluru,Karnataka,34.23,2026-07-02
Papaya,Kolar,Karnataka,34.82,2026-07-02
Papaya,Kolar,Karnataka,39.21,2026-07-01
Papaya,Mysuru,Karnataka,32.79,2026-07-01
Papaya,Kolar,Karnataka,39.52,2026-06-30
Papaya,Mysuru,Karnataka,36.74,2026-06-30
Papaya,Kolar,Karnataka,38.79,2026-06-29
Papaya,Bengaluru,Karnataka,38.6,2026-06-29
Papaya,Mysuru,Karnataka,34.05,2026-06-28
Papaya,Kolar,Karnataka,33.05,2026-06-28
Papaya,Bengaluru,Karnataka,37.22,2026-06-27
Papaya,Kolar,Karnataka,32.98,2026-06-27
Papaya,Mysuru,Karnataka,35.32,2026-06-26
Papaya,Bengaluru,Karnataka,37.38,2026-06-26
Papaya,Bengaluru,Karnataka,38.21,2026-06-25
Papaya,Mysuru,Karnataka,39.68,2026-06-25
Papaya,Mysuru,Karnataka,33.18,2026-06-24
Papaya,Bengaluru,Karnataka,37.32,2026-06-24
Papaya,Bengaluru,Karnataka,39.3,2026-06-23
Papaya,Kolar,Karnataka,39.4,2026-06-23
Papaya,Bengaluru,Karnataka,38.32,2026-06-22
Papaya,Mysuru,Karnataka,38.01,2026-06-22
Papaya,Kolar,Karnataka,35.67,2026-06-21
Papaya,Bengaluru,Karnataka,35.57,2026-06-21
Papaya,Bengaluru,Karnataka,39.1,2026-06-20
Papaya,Mysuru,Karnataka,40.35,2026-06-20
Papaya,Kolar,Karnataka,34.6,2026-06-19
Papaya,Mysuru,Karnataka,40.48,2026-06-19
Papaya,Kolar,Karnataka,35.02,2026-06-18
Papaya,Mysuru,Karnataka,37.73,2026-06-18
Papaya,Bengaluru,Karnataka,35.7,2026-06-17
Papaya,Mysuru,Karnataka,38.53,2026-06-17
Papaya,Bengaluru,Karnataka,38.9,2026-06-16
Papaya,Kolar,Karnataka,40.53,2026-06-16
Papaya,Kolar,Karnataka,39.87,2026-06-15
Papaya,Mysuru,Karnataka,39.27,2026-06-15
Papaya,Kolar,Karnataka,34.94,2026-06-14
Papaya,Bengaluru,Karnataka,35.96,2026-06-14
Papaya,Kolar,Karnataka,38.42,2026-06-13
Papaya,Bengaluru,Karnataka,34.42,2026-06-13
Papaya,Mysuru,Karnataka,36.17,2026-06-12
Papaya,Bengaluru,Karnataka,34.28,2026-06-12
Papaya,Mysuru,Karnataka,35.0,2026-06-11
Papaya,Kolar,Karnataka,40.38,2026-06-11
Papaya,Bengaluru,Karnataka,37.15,2026-06-10
Papaya,Mysuru,Karnataka,35.79,2026-06-10
Papaya,Bengaluru,Karnataka,36.49,2026-06-09
Papaya,Kolar,Karnataka,39.77,2026-06-09
Papaya,Kolar,Karnataka,34.26,2026-06-08
Papaya,Bengaluru,Karnataka,37.2,2026-06-08
Papaya,Mysuru,Karnataka,40.62,2026-06-07
Papaya,Bengaluru,Karnataka,37.67,2026-06-07
Papaya,Mysuru,Karnataka,38.12,2026-06-06
Papaya,Kolar,Karnataka,34.76,2026-06-06
Papaya,Mysuru,Karnataka,35.28,2026-06-05
Papaya,Bengaluru,Karnataka,34.6,2026-06-05
Papaya,Bengaluru,Karnataka,34.25,2026-06-04
Papaya,Mysuru,Karnataka,36.07,2026-06-04
Papaya,Bengaluru,Karnataka,36.73,2026-06-03
Papaya,Kolar,Karnataka,40.88,2026-06-03
Papaya,Bengaluru,Karnataka,38.34,2026-06-02
Papaya,Kolar,Karnataka,41.01,2026-06-02
Papaya,Bengaluru,Karnataka,38.75,2026-06-01
Papaya,Mysuru,Karnataka,38.9,2026-06-01
Papaya,Mysuru,Karnataka,37.56,2026-05-31
Papaya,Bengaluru,Karnataka,39.26,2026-05-31
Papaya,Kolar,Karnataka,35.52,2026-05-30
Papaya,Mysuru,Karnataka,35.09,2026-05-30
Papaya,Bengaluru,Karnataka,37.49,2026-05-29
Papaya,Kolar,Karnataka,38.6,2026-05-29
Papaya,Kolar,Karnataka,39.46,2026-05-28
Papaya,Mysuru,Karnataka,36.68,2026-05-28
Papaya,Bengaluru,Karnataka,37.46,2026-05-27
Papaya,Kolar,Karnataka,38.66,2026-05-27
Papaya,Mysuru,Karnataka,34.91,2026-05-26
Papaya,Bengaluru,Karnataka,34.52,2026-05-26
Papaya,Bengaluru,Karnataka,40.85,2026-05-25
Papaya,Mysuru,Karnataka,39.32,2026-05-25
Papaya,Mysuru,Karnataka,35.31,2026-05-24
Papaya,Bengaluru,Karnataka,36.16,2026-05-24
Papaya,Kolar,Karnataka,42.12,2026-05-23
Papaya,Mysuru,Karnataka,38.24,2026-05-23
Papaya,Bengaluru,Karnataka,40.68,2026-05-22
Papaya,Mysuru,Karnataka,38.27,2026-05-22
Papaya,Kolar,Karnataka,35.38,2026-05-21
Papaya,Mysuru,Karnataka,38.87,2026-05-21
Papaya,Bengaluru,Karnataka,41.54,2026-05-20
Papaya,Mysuru,Karnataka,37.56,2026-05-20
Papaya,Mysuru,Karnataka,36.78,2026-05-19
Papaya,Bengaluru,Karnataka,38.34,2026-05-19
Papaya,Bengaluru,Karnataka,39.14,2026-05-18
Papaya,Mysuru,Karnataka,35.95,2026-05-18
Papaya,Kolar,Karnataka,35.47,2026-05-17
Papaya,Bengaluru,Karnataka,37.47,2026-05-17
Guava,Kolar,Karnataka,55.3,2026-07-15
Guava,Mysuru,Karnataka,51.45,2026-07-15
Guava,Kolar,Karnataka,53.88,2026-07-14
Guava,Bengaluru,Karnataka,53.65,2026-07-14
Guava,Mysuru,Karnataka,51.07,2026-07-13
Guava,Kolar,Karnataka,47.68,2026-07-13
Guava,Mysuru,Karnataka,49.18,2026-07-12
Guava,Bengaluru,Karnataka,53.79,2026-07-12
Guava,Bengaluru,Karnataka,46.32,2026-07-11
Guava,Kolar,Karnataka,52.71,2026-07-11
Guava,Bengaluru,Karnataka,54.75,2026-07-10
Guava,Kolar,Karnataka,53.11,2026-07-10
Guava,Bengaluru,Karnataka,49.16,2026-07-09
Guava,Kolar,Karnataka,54.8,2026-07-09
Guava,Mysuru,Karnataka,54.78,2026-07-08
Guava,Bengaluru,Karnataka,51.09,2026-07-08
Guava,Kolar,Karnataka,47.93,2026-07-07
Guava,Mysuru,Karnataka,51.98,2026-07-07
Guava,Bengaluru,Karnataka,48.51,2026-07-06
Guava,Kolar,Karnataka,48.6,2026-07-06
Guava,Mysuru,Karnataka,49.71,2026-07-05
Guava,Kolar,Karnataka,53.64,2026-07-05
Guava,Bengaluru,Karnataka,45.58,2026-07-04
Guava,Mysuru,Karnataka,45.95,2026-07-04
Guava,Kolar,Karnataka,53.5,2026-07-03
Guava,Bengaluru,Karnataka,49.93,2026-07-03
Guava,Bengaluru,Karnataka,52.82,2026-07-02
Guava,Mysuru,Karnataka,52.95,2026-07-02
Guava,Mysuru,Karnataka,47.95,2026-07-01
Guava,Kolar,Karnataka,48.96,2026-07-01
Guava,Kolar,Karnataka,44.47,2026-06-30
Guava,Mysuru,Karnataka,46.8,2026-06-30
Guava,Bengaluru,Karnataka,44.39,2026-06-29
Guava,Mysuru,Karnataka,52.71,2026-06-29
Guava,Mysuru,Karnataka,44.4,2026-06-28
Guava,Bengaluru,Karnataka,48.56,2026-06-28
Guava,Mysuru,Karnataka,44.02,2026-06-27
Guava,Kolar,Karnataka,51.79,2026-06-27
Guava,Mysuru,Karnataka,46.46,2026-06-26
Guava,Kolar,Karnataka,48.51,2026-06-26
Guava,Kolar,Karnataka,53.08,2026-06-25
Guava,Bengaluru,Karnataka,45.86,2026-06-25
Guava,Mysuru,Karnataka,51.05,2026-06-24
Guava,Kolar,Karnataka,46.66,2026-06-24
Guava,Kolar,Karnataka,49.31,2026-06-23
Guava,Mysuru,Karnataka,44.33,2026-06-23
Guava,Mysuru,Karnataka,52.18,2026-06-22
Guava,Bengaluru,Karnataka,47.3,2026-06-22
Guava,Mysuru,Karnataka,51.19,2026-06-21
Guava,Kolar,Karnataka,48.25,2026-06-21
Guava,Bengaluru,Karnataka,46.19,2026-06-20
Guava,Kolar,Karnataka,48.07,2026-06-20
Guava,Bengaluru,Karnataka,44.78,2026-06-19
Guava,Kolar,Karnataka,51.5,2026-06-19
Guava,Bengaluru,Karnataka,45.41,2026-06-18
Guava,Kolar,Karnataka,47.39,2026-06-18
Guava,Mysuru,Karnataka,45.56,2026-06-17
Guava,Bengaluru,Karnataka,50.8,2026-06-17
Guava,Kolar,Karnataka,48.91,2026-06-16
Guava,Mysuru,Karnataka,44.04,2026-06-16
Guava,Bengaluru,Karnataka,46.31,2026-06-15
Guava,Kolar,Karnataka,48.42,2026-06-15
Guava,Bengaluru,Karnataka,48.25,2026-06-14
Guava,Mysuru,Karnataka,46.0,2026-06-14
Guava,Bengaluru,Karnataka,49.69,2026-06-13
Guava,Mysuru,Karnataka,49.12,2026-06-13
Guava,Mysuru,Karnataka,46.17,2026-06-12
Guava,Bengaluru,Karnataka,44.06,2026-06-12
Guava,Kolar,Karnataka,50.52,2026-06-11
Guava,Bengaluru,Karnataka,48.54,2026-06-11
Guava,Kolar,Karnataka,44.89,2026-06-10
Guava,Bengaluru,Karnataka,46.21,2026-06-10
Guava,Bengaluru,Karnataka,46.73,2026-06-09
Guava,Kolar,Karnataka,43.52,2026-06-09
Guava,Bengaluru,Karnataka,44.29,2026-06-08
Guava,Kolar,Karnataka,47.9,2026-06-08
Guava,Mysuru,Karnataka,46.08,2026-06-07
Guava,Kolar,Karnataka,45.64,2026-06-07
Guava,Mysuru,Karnataka,44.39,2026-06-06
Guava,Kolar,Karnataka,46.4,2026-06-06
Guava,Kolar,Karnataka,47.41,2026-06-05
Guava,Mysuru,Karnataka,42.03,2026-06-05
Guava,Kolar,Karnataka,47.11,2026-06-04
Guava,Mysuru,Karnataka,47.41,2026-06-04
Guava,Mysuru,Karnataka,48.17,2026-06-03
Guava,Kolar,Karnataka,46.28,2026-06-03
Guava,Mysuru,Karnataka,47.68,2026-06-02
Guava,Kolar,Karnataka,49.72,2026-06-02
Guava,Mysuru,Karnataka,43.4,2026-06-01
Guava,Kolar,Karnataka,46.45,2026-06-01
Guava,Bengaluru,Karnataka,49.03,2026-05-31
Guava,Kolar,Karnataka,49.0,2026-05-31
Guava,Kolar,Karnataka,47.61,2026-05-30
Guava,Mysuru,Karnataka,47.8,2026-05-30
Guava,Kolar,Karnataka,47.48,2026-05-29
Guava,Bengaluru,Karnataka,50.63,2026-05-29
Guava,Mysuru,Karnataka,45.1,2026-05-28
Guava,Kolar,Karnataka,48.15,2026-05-28
Guava,Kolar,Karnataka,44.46,2026-05-27
Guava,Bengaluru,Karnataka,47.86,2026-05-27
Guava,Kolar,Karnataka,49.55,2026-05-26
Guava,Mysuru,Karnataka,47.4,2026-05-26
Guava,Kolar,Karnataka,48.91,2026-05-25
Guava,Mysuru,Karnataka,48.87,2026-05-25
Guava,Kolar,Karnataka,43.79,2026-05-24
Guava,Bengaluru,Karnataka,45.41,2026-05-24
Guava,Kolar,Karnataka,47.66,2026-05-23
Guava,Mysuru,Karnataka,46.15,2026-05-23
Guava,Bengaluru,Karnataka,46.94,2026-05-22
Guava,Mysuru,Karnataka,43.01,2026-05-22
Guava,Bengaluru,Karnataka,44.75,2026-05-21
Guava,Mysuru,Karnataka,48.99,2026-05-21
Guava,Mysuru,Karnataka,46.18,2026-05-20
Guava,Kolar,Karnataka,45.07,2026-05-20
Guava,Bengaluru,Karnataka,41.29,2026-05-19
Guava,Mysuru,Karnataka,46.55,2026-05-19
Guava,Kolar,Karnataka,45.02,2026-05-18
Guava,Bengaluru,Karnataka,42.51,2026-05-18
Guava,Bengaluru,Karnataka,45.48,2026-05-17
Guava,Mysuru,Karnataka,44.42,2026-05-17
Milk,Bengaluru,Karnataka,66.85,2026-07-15
Milk,Kolar,Karnataka,58.94,2026-07-15
Milk,Kolar,Karnataka,56.46,2026-07-14
Milk,Mysuru,Karnataka,65.21,2026-07-14
Milk,Bengaluru,Karnataka,60.59,2026-07-13
Milk,Kolar,Karnataka,62.34,2026-07-13
Milk,Bengaluru,Karnataka,62.32,2026-07-12
Milk,Mysuru,Karnataka,54.68,2026-07-12
Milk,Mysuru,Karnataka,63.8,2026-07-11
Milk,Bengaluru,Karnataka,56.61,2026-07-11
Milk,Bengaluru,Karnataka,64.03,2026-07-10
Milk,Mysuru,Karnataka,63.96,2026-07-10
Milk,Bengaluru,Karnataka,62.12,2026-07-09
Milk,Mysuru,Karnataka,59.34,2026-07-09
Milk,Mysuru,Karnataka,54.46,2026-07-08
Milk,Kolar,Karnataka,60.85,2026-07-08
Milk,Kolar,Karnataka,65.82,2026-07-07
Milk,Mysuru,Karnataka,65.11,2026-07-07
Milk,Kolar,Karnataka,54.5,2026-07-06
Milk,Bengaluru,Karnataka,54.33,2026-07-06
Milk,Kolar,Karnataka,56.95,2026-07-05
Milk,Bengaluru,Karnataka,64.79,2026-07-05
Milk,Mysuru,Karnataka,55.39,2026-07-04
Milk,Bengaluru,Karnataka,60.22,2026-07-04
Milk,Mysuru,Karnataka,54.88,2026-07-03
Milk,Bengaluru,Karnataka,54.64,2026-07-03
Milk,Mysuru,Karnataka,62.77,2026-07-02
Milk,Kolar,Karnataka,61.19,2026-07-02
Milk,Mysuru,Karnataka,64.61,2026-07-01
Milk,Kolar,Karnataka,65.9,2026-07-01
Milk,Mysuru,Karnataka,58.2,2026-06-30
Milk,Kolar,Karnataka,56.15,2026-06-30
Milk,Mysuru,Karnataka,56.56,2026-06-29
Milk,Bengaluru,Karnataka,62.52,2026-06-29
Milk,Bengaluru,Karnataka,62.52,2026-06-28
Milk,Kolar,Karnataka,60.8,2026-06-28
Milk,Bengaluru,Karnataka,58.05,2026-06-27
Milk,Kolar,Karnataka,61.44,2026-06-27
Milk,Bengaluru,Karnataka,64.05,2026-06-26
Milk,Mysuru,Karnataka,56.66,2026-06-26
Milk,Kolar,Karnataka,60.6,2026-06-25
Milk,Bengaluru,Karnataka,54.1,2026-06-25
Milk,Bengaluru,Karnataka,54.03,2026-06-24
Milk,Kolar,Karnataka,54.83,2026-06-24
Milk,Mysuru,Karnataka,54.85,2026-06-23
Milk,Kolar,Karnataka,56.38,2026-06-23
Milk,Kolar,Karnataka,55.74,2026-06-22
Milk,Bengaluru,Karnataka,61.43,2026-06-22
Milk,Bengaluru,Karnataka,58.2,2026-06-21
Milk,Mysuru,Karnataka,54.42,2026-06-21
Milk,Kolar,Karnataka,60.5,2026-06-20
Milk,Mysuru,Karnataka,61.42,2026-06-20
Milk,Mysuru,Karnataka,59.1,2026-06-19
Milk,Bengaluru,Karnataka,60.35,2026-06-19
Milk,Mysuru,Karnataka,62.22,2026-06-18
Milk,Bengaluru,Karnataka,58.84,2026-06-18
Milk,Kolar,Karnataka,62.04,2026-06-17
Milk,Bengaluru,Karnataka,62.67,2026-06-17
Milk,Bengaluru,Karnataka,61.07,2026-06-16
Milk,Mysuru,Karnataka,56.28,2026-06-16
Milk,Bengaluru,Karnataka,63.39,2026-06-15
Milk,Mysuru,Karnataka,60.79,2026-06-15
Milk,Mysuru,Karnataka,55.38,2026-06-14
Milk,Kolar,Karnataka,52.79,2026-06-14
Milk,Bengaluru,Karnataka,62.31,2026-06-13
Milk,Kolar,Karnataka,60.37,2026-06-13
Milk,Bengaluru,Karnataka,61.55,2026-06-12
Milk,Kolar,Karnataka,53.34,2026-06-12
Milk,Kolar,Karnataka,62.91,2026-06-11
Milk,Bengaluru,Karnataka,59.88,2026-06-11
Milk,Mysuru,Karnataka,55.36,2026-06-10
Milk,Kolar,Karnataka,52.87,2026-06-10
Milk,Bengaluru,Karnataka,62.08,2026-06-09
Milk,Kolar,Karnataka,56.37,2026-06-09
Milk,Kolar,Karnataka,57.04,2026-06-08
Milk,Mysuru,Karnataka,53.45,2026-06-08
Milk,Bengaluru,Karnataka,61.86,2026-06-07
Milk,Kolar,Karnataka,59.68,2026-06-07
Milk,Bengaluru,Karnataka,56.04,2026-06-06
Milk,Mysuru,Karnataka,56.97,2026-06-06
Milk,Kolar,Karnataka,61.94,2026-06-05
Milk,Mysuru,Karnataka,52.9,2026-06-05
Milk,Mysuru,Karnataka,53.04,2026-06-04
Milk,Bengaluru,Karnataka,56.33,2026-06-04
Milk,Mysuru,Karnataka,61.23,2026-06-03
Milk,Kolar,Karnataka,59.55,2026-06-03
Milk,Mysuru,Karnataka,58.97,2026-06-02
Milk,Kolar,Karnataka,60.67,2026-06-02
Milk,Bengaluru,Karnataka,59.4,2026-06-01
Milk,Kolar,Karnataka,52.11,2026-06-01
Milk,Bengaluru,Karnataka,56.09,2026-05-31
Milk,Kolar,Karnataka,58.09,2026-05-31
Milk,Kolar,Karnataka,53.31,2026-05-30
Milk,Mysuru,Karnataka,55.57,2026-05-30
Milk,Mysuru,Karnataka,60.96,2026-05-29
Milk,Bengaluru,Karnataka,61.15,2026-05-29
Milk,Kolar,Karnataka,56.53,2026-05-28
Milk,Bengaluru,Karnataka,56.59,2026-05-28
Milk,Mysuru,Karnataka,51.47,2026-05-27
Milk,Kolar,Karnataka,53.92,2026-05-27
Milk,Mysuru,Karnataka,58.82,2026-05-26
Milk,Bengaluru,Karnataka,58.52,2026-05-26
Milk,Kolar,Karnataka,61.78,2026-05-25
Milk,Bengaluru,Karnataka,58.31,2026-05-25
Milk,Mysuru,Karnataka,55.53,2026-05-24
Milk,Bengaluru,Karnataka,58.83,2026-05-24
Milk,Mysuru,Karnataka,58.01,2026-05-23
Milk,Kolar,Karnataka,57.76,2026-05-23
Milk,Bengaluru,Karnataka,50.58,2026-05-22
Milk,Kolar,Karnataka,60.93,2026-05-22
Milk,Kolar,Karnataka,59.88,2026-05-21
Milk,Mysuru,Karnataka,60.08,2026-05-21
Milk,Bengaluru,Karnataka,53.83,2026-05-20
Milk,Mysuru,Karnataka,53.95,2026-05-20
Milk,Mysuru,Karnataka,55.8,2026-05-19
Milk,Bengaluru,Karnataka,56.28,2026-05-19
Milk,Mysuru,Karnataka,59.14,2026-05-18
Milk,Kolar,Karnataka,50.92,2026-05-18
Milk,Mysuru,Karnataka,50.92,2026-05-17
Milk,Kolar,Karnataka,55.48,2026-05-17
Curd,Mysuru,Karnataka,77.56,2026-07-15
Curd,Bengaluru,Karnataka,74.23,2026-07-15
Curd,Bengaluru,Karnataka,69.25,2026-07-14
Curd,Kolar,Karnataka,64.06,2026-07-14
Curd,Kolar,Karnataka,75.07,2026-07-13
Curd,Bengaluru,Karnataka,74.59,2026-07-13
Curd,Kolar,Karnataka,75.82,2026-07-12
Curd,Mysuru,Karnataka,71.21,2026-07-12
Curd,Kolar,Karnataka,76.51,2026-07-11
Curd,Mysuru,Karnataka,68.27,2026-07-11
Curd,Bengaluru,Karnataka,74.86,2026-07-10
Curd,Kolar,Karnataka,67.69,2026-07-10
Curd,Kolar,Karnataka,72.92,2026-07-09
Curd,Mysuru,Karnataka,67.98,2026-07-09
Curd,Mysuru,Karnataka,64.13,2026-07-08
Curd,Bengaluru,Karnataka,71.97,2026-07-08
Curd,Bengaluru,Karnataka,67.59,2026-07-07
Curd,Mysuru,Karnataka,71.47,2026-07-07
Curd,Mysuru,Karnataka,72.27,2026-07-06
Curd,Kolar,Karnataka,63.15,2026-07-06
Curd,Bengaluru,Karnataka,64.33,2026-07-05
Curd,Mysuru,Karnataka,72.32,2026-07-05
Curd,Kolar,Karnataka,63.74,2026-07-04
Curd,Mysuru,Karnataka,70.71,2026-07-04
Curd,Bengaluru,Karnataka,74.97,2026-07-03
Curd,Kolar,Karnataka,67.55,2026-07-03
Curd,Mysuru,Karnataka,71.87,2026-07-02
Curd,Bengaluru,Karnataka,63.48,2026-07-02
Curd,Mysuru,Karnataka,74.61,2026-07-01
Curd,Bengaluru,Karnataka,73.38,2026-07-01
Curd,Kolar,Karnataka,72.33,2026-06-30
Curd,Bengaluru,Karnataka,67.92,2026-06-30
Curd,Kolar,Karnataka,74.81,2026-06-29
Curd,Bengaluru,Karnataka,61.67,2026-06-29
Curd,Kolar,Karnataka,69.04,2026-06-28
Curd,Bengaluru,Karnataka,67.4,2026-06-28
Curd,Kolar,Karnataka,73.96,2026-06-27
Curd,Mysuru,Karnataka,72.01,2026-06-27
Curd,Bengaluru,Karnataka,71.17,2026-06-26
Curd,Kolar,Karnataka,62.98,2026-06-26
Curd,Mysuru,Karnataka,67.95,2026-06-25
Curd,Kolar,Karnataka,66.33,2026-06-25
Curd,Kolar,Karnataka,64.69,2026-06-24
Curd,Bengaluru,Karnataka,74.04,2026-06-24
Curd,Mysuru,Karnataka,71.74,2026-06-23
Curd,Kolar,Karnataka,62.72,2026-06-23
Curd,Kolar,Karnataka,72.11,2026-06-22
Curd,Mysuru,Karnataka,68.12,2026-06-22
Curd,Mysuru,Karnataka,63.31,2026-06-21
Curd,Bengaluru,Karnataka,69.01,2026-06-21
Curd,Mysuru,Karnataka,72.86,2026-06-20
Curd,Kolar,Karnataka,62.27,2026-06-20
Curd,Kolar,Karnataka,67.12,2026-06-19
Curd,Bengaluru,Karnataka,69.67,2026-06-19
Curd,Mysuru,Karnataka,70.42,2026-06-18
Curd,Bengaluru,Karnataka,67.76,2026-06-18
Curd,Kolar,Karnataka,69.12,2026-06-17
Curd,Mysuru,Karnataka,72.06,2026-06-17
Curd,Kolar,Karnataka,71.7,2026-06-16
Curd,Mysuru,Karnataka,65.63,2026-06-16
Curd,Bengaluru,Karnataka,60.21,2026-06-15
Curd,Kolar,Karnataka,61.81,2026-06-15
Curd,Kolar,Karnataka,62.42,2026-06-14
Curd,Bengaluru,Karnataka,69.72,2026-06-14
Curd,Bengaluru,Karnataka,68.7,2026-06-13
Curd,Mysuru,Karnataka,61.58,2026-06-13
Curd,Bengaluru,Karnataka,62.23,2026-06-12
Curd,Mysuru,Karnataka,66.69,2026-06-12
Curd,Mysuru,Karnataka,60.77,2026-06-11
Curd,Kolar,Karnataka,70.87,2026-06-11
Curd,Kolar,Karnataka,69.08,2026-06-10
Curd,Bengaluru,Karnataka,66.69,2026-06-10
Curd,Bengaluru,Karnataka,68.3,2026-06-09
Curd,Mysuru,Karnataka,59.8,2026-06-09
Curd,Mysuru,Karnataka,64.54,2026-06-08
Curd,Kolar,Karnataka,69.42,2026-06-08
Curd,Kolar,Karnataka,71.62,2026-06-07
Curd,Mysuru,Karnataka,59.67,2026-06-07
Curd,Kolar,Karnataka,61.51,2026-06-06
Curd,Mysuru,Karnataka,70.22,2026-06-06
Curd,Mysuru,Karnataka,70.64,2026-06-05
Curd,Bengaluru,Karnataka,67.94,2026-06-05
Curd,Kolar,Karnataka,68.48,2026-06-04
Curd,Mysuru,Karnataka,65.76,2026-06-04
Curd,Kolar,Karnataka,68.63,2026-06-03
Curd,Bengaluru,Karnataka,71.08,2026-06-03
Curd,Mysuru,Karnataka,60.73,2026-06-02
Curd,Kolar,Karnataka,67.29,2026-06-02
Curd,Bengaluru,Karnataka,67.85,2026-06-01
Curd,Kolar,Karnataka,59.87,2026-06-01
Curd,Bengaluru,Karnataka,61.84,2026-05-31
Curd,Mysuru,Karnataka,61.64,2026-05-31
Curd,Bengaluru,Karnataka,58.2,2026-05-30
Curd,Mysuru,Karnataka,64.15,2026-05-30
Curd,Bengaluru,Karnataka,60.01,2026-05-29
Curd,Kolar,Karnataka,62.19,2026-05-29
Curd,Bengaluru,Karnataka,64.24,2026-05-28
Curd,Mysuru,Karnataka,65.3,2026-05-28
Curd,Mysuru,Karnataka,67.91,2026-05-27
Curd,Bengaluru,Karnataka,61.92,2026-05-27
Curd,Bengaluru,Karnataka,64.42,2026-05-26
Curd,Kolar,Karnataka,67.83,2026-05-26
Curd,Bengaluru,Karnataka,64.6,2026-05-25
Curd,Mysuru,Karnataka,62.81,2026-05-25
Curd,Mysuru,Karnataka,68.85,2026-05-24
Curd,Bengaluru,Karnataka,66.04,2026-05-24
Curd,Mysuru,Karnataka,61.21,2026-05-23
Curd,Kolar,Karnataka,69.6,2026-05-23
Curd,Kolar,Karnataka,70.08,2026-05-22
Curd,Mysuru,Karnataka,67.88,2026-05-22
Curd,Kolar,Karnataka,58.75,2026-05-21
Curd,Bengaluru,Karnataka,61.7,2026-05-21
Curd,Bengaluru,Karnataka,69.4,2026-05-20
Curd,Kolar,Karnataka,65.88,2026-05-20
Curd,Mysuru,Karnataka,68.75,2026-05-19
Curd,Kolar,Karnataka,69.12,2026-05-19
Curd,Mysuru,Karnataka,63.89,2026-05-18
Curd,Kolar,Karnataka,60.63,2026-05-18
Curd,Kolar,Karnataka,63.47,2026-05-17
Curd,Mysuru,Karnataka,63.4,2026-05-17
Paneer,Mysuru,Karnataka,272.22,2026-07-15
Paneer,Bengaluru,Karnataka,292.38,2026-07-15
Paneer,Mysuru,Karnataka,309.46,2026-07-14
Paneer,Bengaluru,Karnataka,265.11,2026-07-14
Paneer,Kolar,Karnataka,291.45,2026-07-13
Paneer,Bengaluru,Karnataka,267.8,2026-07-13
Paneer,Kolar,Karnataka,305.25,2026-07-12
Paneer,Bengaluru,Karnataka,280.17,2026-07-12
Paneer,Bengaluru,Karnataka,286.89,2026-07-11
Paneer,Kolar,Karnataka,296.29,2026-07-11
Paneer,Kolar,Karnataka,293.36,2026-07-10
Paneer,Mysuru,Karnataka,310.07,2026-07-10
Paneer,Kolar,Karnataka,258.11,2026-07-09
Paneer,Bengaluru,Karnataka,297.66,2026-07-09
Paneer,Bengaluru,Karnataka,261.2,2026-07-08
Paneer,Kolar,Karnataka,267.18,2026-07-08
Paneer,Mysuru,Karnataka,290.16,2026-07-07
Paneer,Bengaluru,Karnataka,270.3,2026-07-07
Paneer,Mysuru,Karnataka,279.77,2026-07-06
Paneer,Kolar,Karnataka,293.63,2026-07-06
Paneer,Mysuru,Karnataka,258.82,2026-07-05
Paneer,Kolar,Karnataka,296.43,2026-07-05
Paneer,Kolar,Karnataka,294.94,2026-07-04
Paneer,Bengaluru,Karnataka,293.61,2026-07-04
Paneer,Kolar,Karnataka,298.7,2026-07-03
Paneer,Bengaluru,Karnataka,262.62,2026-07-03
Paneer,Kolar,Karnataka,275.43,2026-07-02
Paneer,Bengaluru,Karnataka,298.2,2026-07-02
Paneer,Kolar,Karnataka,275.29,2026-07-01
Paneer,Bengaluru,Karnataka,312.43,2026-07-01
Paneer,Mysuru,Karnataka,306.8,2026-06-30
Paneer,Kolar,Karnataka,261.19,2026-06-30
Paneer,Bengaluru,Karnataka,267.62,2026-06-29
Paneer,Kolar,Karnataka,282.32,2026-06-29
Paneer,Kolar,Karnataka,315.59,2026-06-28
Paneer,Mysuru,Karnataka,268.42,2026-06-28
Paneer,Kolar,Karnataka,315.86,2026-06-27
Paneer,Mysuru,Karnataka,261.1,2026-06-27
Paneer,Kolar,Karnataka,267.96,2026-06-26
Paneer,Bengaluru,Karnataka,261.11,2026-06-26
Paneer,Kolar,Karnataka,292.36,2026-06-25
Paneer,Mysuru,Karnataka,316.15,2026-06-25
Paneer,Mysuru,Karnataka,305.06,2026-06-24
Paneer,Bengaluru,Karnataka,314.08,2026-06-24
Paneer,Mysuru,Karnataka,285.97,2026-06-23
Paneer,Bengaluru,Karnataka,299.55,2026-06-23
Paneer,Kolar,Karnataka,271.73,2026-06-22
Paneer,Bengaluru,Karnataka,275.22,2026-06-22
Paneer,Mysuru,Karnataka,269.44,2026-06-21
Paneer,Bengaluru,Karnataka,301.93,2026-06-21
Paneer,Kolar,Karnataka,312.95,2026-06-20
Paneer,Bengaluru,Karnataka,317.68,2026-06-20
Paneer,Kolar,Karnataka,301.34,2026-06-19
Paneer,Mysuru,Karnataka,267.86,2026-06-19
Paneer,Kolar,Karnataka,278.71,2026-06-18
Paneer,Bengaluru,Karnataka,275.58,2026-06-18
Paneer,Kolar,Karnataka,320.35,2026-06-17
Paneer,Mysuru,Karnataka,285.42,2026-06-17
Paneer,Kolar,Karnataka,270.76,2026-06-16
Paneer,Bengaluru,Karnataka,301.34,2026-06-16
Paneer,Bengaluru,Karnataka,293.96,2026-06-15
Paneer,Mysuru,Karnataka,284.68,2026-06-15
Paneer,Kolar,Karnataka,306.72,2026-06-14
Paneer,Mysuru,Karnataka,274.77,2026-06-14
Paneer,Kolar,Karnataka,314.01,2026-06-13
Paneer,Mysuru,Karnataka,322.94,2026-06-13
Paneer,Bengaluru,Karnataka,285.26,2026-06-12
Paneer,Kolar,Karnataka,313.26,2026-06-12
Paneer,Kolar,Karnataka,283.59,2026-06-11
Paneer,Mysuru,Karnataka,288.51,2026-06-11
Paneer,Kolar,Karnataka,319.86,2026-06-10
Paneer,Mysuru,Karnataka,295.17,2026-06-10
Paneer,Mysuru,Karnataka,297.14,2026-06-09
Paneer,Kolar,Karnataka,274.61,2026-06-09
Paneer,Kolar,Karnataka,318.86,2026-06-08
Paneer,Bengaluru,Karnataka,319.87,2026-06-08
Paneer,Bengaluru,Karnataka,284.85,2026-06-07
Paneer,Kolar,Karnataka,322.12,2026-06-07
Paneer,Bengaluru,Karnataka,323.06,2026-06-06
Paneer,Kolar,Karnataka,320.51,2026-06-06
Paneer,Kolar,Karnataka,318.9,2026-06-05
Paneer,Bengaluru,Karnataka,304.87,2026-06-05
Paneer,Kolar,Karnataka,325.14,2026-06-04
Paneer,Bengaluru,Karnataka,303.8,2026-06-04
Paneer,Kolar,Karnataka,310.55,2026-06-03
Paneer,Mysuru,Karnataka,280.1,2026-06-03
Paneer,Mysuru,Karnataka,325.49,2026-06-02
Paneer,Bengaluru,Karnataka,307.26,2026-06-02
Paneer,Mysuru,Karnataka,300.3,2026-06-01
Paneer,Bengaluru,Karnataka,303.07,2026-06-01
Paneer,Mysuru,Karnataka,303.16,2026-05-31
Paneer,Kolar,Karnataka,312.89,2026-05-31
Paneer,Kolar,Karnataka,319.24,2026-05-30
Paneer,Bengaluru,Karnataka,281.79,2026-05-30
Paneer,Bengaluru,Karnataka,308.26,2026-05-29
Paneer,Kolar,Karnataka,308.23,2026-05-29
Paneer,Bengaluru,Karnataka,331.61,2026-05-28
Paneer,Mysuru,Karnataka,276.81,2026-05-28
Paneer,Mysuru,Karnataka,278.74,2026-05-27
Paneer,Bengaluru,Karnataka,297.46,2026-05-27
Paneer,Bengaluru,Karnataka,307.15,2026-05-26
Paneer,Kolar,Karnataka,323.89,2026-05-26
Paneer,Mysuru,Karnataka,332.3,2026-05-25
Paneer,Kolar,Karnataka,330.07,2026-05-25
Paneer,Bengaluru,Karnataka,282.91,2026-05-24
Paneer,Mysuru,Karnataka,336.08,2026-05-24
Paneer,Kolar,Karnataka,328.54,2026-05-23
Paneer,Mysuru,Karnataka,293.34,2026-05-23
Paneer,Kolar,Karnataka,300.94,2026-05-22
Paneer,Bengaluru,Karnataka,301.05,2026-05-22
Paneer,Kolar,Karnataka,310.21,2026-05-21
Paneer,Bengaluru,Karnataka,301.53,2026-05-21
Paneer,Bengaluru,Karnataka,300.7,2026-05-20
Paneer,Mysuru,Karnataka,332.6,2026-05-20
Paneer,Mysuru,Karnataka,334.5,2026-05-19
Paneer,Kolar,Karnataka,279.82,2026-05-19
Paneer,Bengaluru,Karnataka,290.29,2026-05-18
Paneer,Mysuru,Karnataka,284.78,2026-05-18
Paneer,Kolar,Karnataka,293.76,2026-05-17
Paneer,Mysuru,Karnataka,292.22,2026-05-17
Eggs,Mysuru,Karnataka,6.54,2026-07-15
Eggs,Bengaluru,Karnataka,6.23,2026-07-15
Eggs,Mysuru,Karnataka,6.31,2026-07-14
Eggs,Bengaluru,Karnataka,6.3,2026-07-14
Eggs,Bengaluru,Karnataka,6.51,2026-07-13
Eggs,Kolar,Karnataka,6.21,2026-07-13
Eggs,Bengaluru,Karnataka,5.84,2026-07-12
Eggs,Kolar,Karnataka,6.43,2026-07-12
Eggs,Bengaluru,Karnataka,6.8,2026-07-11
Eggs,Kolar,Karnataka,5.86,2026-07-11
Eggs,Bengaluru,Karnataka,6.83,2026-07-10
Eggs,Mysuru,Karnataka,6.32,2026-07-10
Eggs,Mysuru,Karnataka,6.76,2026-07-09
Eggs,Bengaluru,Karnataka,6.57,2026-07-09
Eggs,Mysuru,Karnataka,5.92,2026-07-08
Eggs,Bengaluru,Karnataka,6.41,2026-07-08
Eggs,Mysuru,Karnataka,5.86,2026-07-07
Eggs,Kolar,Karnataka,6.69,2026-07-07
Eggs,Kolar,Karnataka,6.63,2026-07-06
Eggs,Bengaluru,Karnataka,6.67,2026-07-06
Eggs,Bengaluru,Karnataka,5.84,2026-07-05
Eggs,Mysuru,Karnataka,6.49,2026-07-05
Eggs,Mysuru,Karnataka,5.91,2026-07-04
Eggs,Bengaluru,Karnataka,6.11,2026-07-04
Eggs,Bengaluru,Karnataka,5.87,2026-07-03
Eggs,Kolar,Karnataka,6.69,2026-07-03
Eggs,Kolar,Karnataka,6.65,2026-07-02
Eggs,Mysuru,Karnataka,6.37,2026-07-02
Eggs,Bengaluru,Karnataka,6.73,2026-07-01
Eggs,Mysuru,Karnataka,6.36,2026-07-01
Eggs,Kolar,Karnataka,5.72,2026-06-30
Eggs,Bengaluru,Karnataka,6.43,2026-06-30
Eggs,Kolar,Karnataka,6.72,2026-06-29
Eggs,Bengaluru,Karnataka,6.56,2026-06-29
Eggs,Kolar,Karnataka,6.24,2026-06-28
Eggs,Mysuru,Karnataka,6.06,2026-06-28
Eggs,Bengaluru,Karnataka,5.88,2026-06-27
Eggs,Mysuru,Karnataka,6.59,2026-06-27
Eggs,Mysuru,Karnataka,6.32,2026-06-26
Eggs,Kolar,Karnataka,6.51,2026-06-26
Eggs,Kolar,Karnataka,6.11,2026-06-25
Eggs,Bengaluru,Karnataka,5.9,2026-06-25
Eggs,Bengaluru,Karnataka,5.93,2026-06-24
Eggs,Kolar,Karnataka,6.66,2026-06-24
Eggs,Mysuru,Karnataka,5.81,2026-06-23
Eggs,Kolar,Karnataka,6.45,2026-06-23
Eggs,Bengaluru,Karnataka,6.21,2026-06-22
Eggs,Kolar,Karnataka,6.03,2026-06-22
Eggs,Bengaluru,Karnataka,6.07,2026-06-21
Eggs,Mysuru,Karnataka,5.7,2026-06-21
Eggs,Mysuru,Karnataka,5.89,2026-06-20
Eggs,Kolar,Karnataka,6.23,2026-06-20
Eggs,Kolar,Karnataka,6.32,2026-06-19
Eggs,Mysuru,Karnataka,6.79,2026-06-19
Eggs,Mysuru,Karnataka,6.07,2026-06-18
Eggs,Bengaluru,Karnataka,6.53,2026-06-18
Eggs,Mysuru,Karnataka,6.01,2026-06-17
Eggs,Bengaluru,Karnataka,6.24,2026-06-17
Eggs,Mysuru,Karnataka,6.27,2026-06-16
Eggs,Kolar,Karnataka,6.51,2026-06-16
Eggs,Mysuru,Karnataka,6.61,2026-06-15
Eggs,Bengaluru,Karnataka,6.37,2026-06-15
Eggs,Kolar,Karnataka,6.1,2026-06-14
Eggs,Bengaluru,Karnataka,6.41,2026-06-14
Eggs,Bengaluru,Karnataka,5.81,2026-06-13
Eggs,Kolar,Karnataka,6.04,2026-06-13
Eggs,Mysuru,Karnataka,5.75,2026-06-12
Eggs,Bengaluru,Karnataka,6.74,2026-06-12
Eggs,Bengaluru,Karnataka,6.56,2026-06-11
Eggs,Kolar,Karnataka,6.13,2026-06-11
Eggs,Kolar,Karnataka,5.65,2026-06-10
Eggs,Mysuru,Karnataka,5.87,2026-06-10
Eggs,Mysuru,Karnataka,6.3,2026-06-09
Eggs,Bengaluru,Karnataka,6.44,2026-06-09
Eggs,Mysuru,Karnataka,6.42,2026-06-08
Eggs,Kolar,Karnataka,6.28,2026-06-08
Eggs,Bengaluru,Karnataka,6.08,2026-06-07
Eggs,Mysuru,Karnataka,5.79,2026-06-07
Eggs,Kolar,Karnataka,5.78,2026-06-06
Eggs,Mysuru,Karnataka,6.51,2026-06-06
Eggs,Kolar,Karnataka,6.3,2026-06-05
Eggs,Bengaluru,Karnataka,6.37,2026-06-05
Eggs,Mysuru,Karnataka,6.35,2026-06-04
Eggs,Bengaluru,Karnataka,6.75,2026-06-04
Eggs,Bengaluru,Karnataka,6.51,2026-06-03
Eggs,Mysuru,Karnataka,5.98,2026-06-03
Eggs,Mysuru,Karnataka,6.27,2026-06-02
Eggs,Kolar,Karnataka,6.18,2026-06-02
Eggs,Kolar,Karnataka,6.68,2026-06-01
Eggs,Bengaluru,Karnataka,6.22,2026-06-01
Eggs,Kolar,Karnataka,5.98,2026-05-31
Eggs,Mysuru,Karnataka,6.55,2026-05-31
Eggs,Bengaluru,Karnataka,6.11,2026-05-30
Eggs,Kolar,Karnataka,6.05,2026-05-30
Eggs,Bengaluru,Karnataka,5.77,2026-05-29
Eggs,Mysuru,Karnataka,6.18,2026-05-29
Eggs,Kolar,Karnataka,6.18,2026-05-28
Eggs,Bengaluru,Karnataka,5.97,2026-05-28
Eggs,Bengaluru,Karnataka,6.64,2026-05-27
Eggs,Mysuru,Karnataka,6.56,2026-05-27
Eggs,Kolar,Karnataka,6.42,2026-05-26
Eggs,Mysuru,Karnataka,6.75,2026-05-26
Eggs,Kolar,Karnataka,6.51,2026-05-25
Eggs,Mysuru,Karnataka,6.5,2026-05-25
Eggs,Mysuru,Karnataka,6.67,2026-05-24
Eggs,Kolar,Karnataka,6.63,2026-05-24
Eggs,Mysuru,Karnataka,5.89,2026-05-23
Eggs,Bengaluru,Karnataka,6.04,2026-05-23
Eggs,Bengaluru,Karnataka,6.56,2026-05-22
Eggs,Kolar,Karnataka,6.08,2026-05-22
Eggs,Mysuru,Karnataka,6.44,2026-05-21
Eggs,Bengaluru,Karnataka,5.9,2026-05-21
Eggs,Mysuru,Karnataka,6.07,2026-05-20
Eggs,Bengaluru,Karnataka,6.51,2026-05-20
Eggs,Mysuru,Karnataka,6.27,2026-05-19
Eggs,Bengaluru,Karnataka,5.8,2026-05-19
Eggs,Mysuru,Karnataka,5.86,2026-05-18
Eggs,Kolar,Karnataka,6.3,2026-05-18
Eggs,Bengaluru,Karnataka,6.21,2026-05-17
Eggs,Kolar,Karnataka,5.84,2026-05-17
Wheat,Kolar,Karnataka,27.24,2026-07-15
Wheat,Bengaluru,Karnataka,23.86,2026-07-15
Wheat,Bengaluru,Karnataka,27.02,2026-07-14
Wheat,Kolar,Karnataka,24.58,2026-07-14
Wheat,Bengaluru,Karnataka,27.4,2026-07-13
Wheat,Kolar,Karnataka,26.17,2026-07-13
Wheat,Kolar,Karnataka,25.82,2026-07-12
Wheat,Mysuru,Karnataka,26.58,2026-07-12
Wheat,Kolar,Karnataka,26.97,2026-07-11
Wheat,Bengaluru,Karnataka,24.56,2026-07-11
Wheat,Mysuru,Karnataka,27.19,2026-07-10
Wheat,Kolar,Karnataka,27.1,2026-07-10
Wheat,Kolar,Karnataka,25.1,2026-07-09
Wheat,Mysuru,Karnataka,27.59,2026-07-09
Wheat,Kolar,Karnataka,24.61,2026-07-08
Wheat,Mysuru,Karnataka,26.38,2026-07-08
Wheat,Bengaluru,Karnataka,25.22,2026-07-07
Wheat,Kolar,Karnataka,24.71,2026-07-07
Wheat,Kolar,Karnataka,25.07,2026-07-06
Wheat,Bengaluru,Karnataka,24.53,2026-07-06
Wheat,Kolar,Karnataka,24.82,2026-07-05
Wheat,Bengaluru,Karnataka,23.13,2026-07-05
Wheat,Kolar,Karnataka,24.09,2026-07-04
Wheat,Mysuru,Karnataka,22.55,2026-07-04
Wheat,Kolar,Karnataka,24.38,2026-07-03
Wheat,Bengaluru,Karnataka,22.99,2026-07-03
Wheat,Mysuru,Karnataka,23.4,2026-07-02
Wheat,Kolar,Karnataka,23.77,2026-07-02
Wheat,Mysuru,Karnataka,27.22,2026-07-01
Wheat,Kolar,Karnataka,24.15,2026-07-01
Wheat,Bengaluru,Karnataka,24.53,2026-06-30
Wheat,Mysuru,Karnataka,24.51,2026-06-30
Wheat,Mysuru,Karnataka,26.65,2026-06-29
Wheat,Kolar,Karnataka,23.79,2026-06-29
Wheat,Bengaluru,Karnataka,27.25,2026-06-28
Wheat,Kolar,Karnataka,25.79,2026-06-28
Wheat,Bengaluru,Karnataka,26.36,2026-06-27
Wheat,Mysuru,Karnataka,25.12,2026-06-27
Wheat,Mysuru,Karnataka,23.07,2026-06-26
Wheat,Bengaluru,Karnataka,27.11,2026-06-26
Wheat,Bengaluru,Karnataka,26.32,2026-06-25
Wheat,Mysuru,Karnataka,23.2,2026-06-25
Wheat,Mysuru,Karnataka,27.25,2026-06-24
Wheat,Bengaluru,Karnataka,26.52,2026-06-24
Wheat,Kolar,Karnataka,26.19,2026-06-23
Wheat,Mysuru,Karnataka,23.78,2026-06-23
Wheat,Kolar,Karnataka,24.25,2026-06-22
Wheat,Bengaluru,Karnataka,25.7,2026-06-22
Wheat,Bengaluru,Karnataka,26.3,2026-06-21
Wheat,Kolar,Karnataka,24.63,2026-06-21
Wheat,Kolar,Karnataka,24.48,2026-06-20
Wheat,Bengaluru,Karnataka,23.91,2026-06-20
Wheat,Mysuru,Karnataka,25.01,2026-06-19
Wheat,Kolar,Karnataka,26.85,2026-06-19
Wheat,Mysuru,Karnataka,22.33,2026-06-18
Wheat,Kolar,Karnataka,22.83,2026-06-18
Wheat,Kolar,Karnataka,25.07,2026-06-17
Wheat,Bengaluru,Karnataka,25.43,2026-06-17
Wheat,Kolar,Karnataka,27.05,2026-06-16
Wheat,Bengaluru,Karnataka,23.62,2026-06-16
Wheat,Mysuru,Karnataka,26.03,2026-06-15
Wheat,Kolar,Karnataka,24.41,2026-06-15
Wheat,Bengaluru,Karnataka,25.23,2026-06-14
Wheat,Mysuru,Karnataka,24.49,2026-06-14
Wheat,Bengaluru,Karnataka,25.35,2026-06-13
Wheat,Kolar,Karnataka,26.77,2026-06-13
Wheat,Mysuru,Karnataka,26.38,2026-06-12
Wheat,Kolar,Karnataka,22.54,2026-06-12
Wheat,Bengaluru,Karnataka,23.31,2026-06-11
Wheat,Mysuru,Karnataka,23.75,2026-06-11
Wheat,Mysuru,Karnataka,25.17,2026-06-10
Wheat,Kolar,Karnataka,24.13,2026-06-10
Wheat,Mysuru,Karnataka,25.86,2026-06-09
Wheat,Kolar,Karnataka,24.75,2026-06-09
Wheat,Mysuru,Karnataka,23.0,2026-06-08
Wheat,Kolar,Karnataka,26.39,2026-06-08
Wheat,Bengaluru,Karnataka,25.44,2026-06-07
Wheat,Kolar,Karnataka,26.81,2026-06-07
Wheat,Kolar,Karnataka,23.21,2026-06-06
Wheat,Bengaluru,Karnataka,24.13,2026-06-06
Wheat,Bengaluru,Karnataka,26.79,2026-06-05
Wheat,Kolar,Karnataka,24.51,2026-06-05
Wheat,Bengaluru,Karnataka,25.98,2026-06-04
Wheat,Kolar,Karnataka,24.76,2026-06-04
Wheat,Bengaluru,Karnataka,23.48,2026-06-03
Wheat,Kolar,Karnataka,22.95,2026-06-03
Wheat,Kolar,Karnataka,23.71,2026-06-02
Wheat,Mysuru,Karnataka,23.41,2026-06-02
Wheat,Mysuru,Karnataka,25.28,2026-06-01
Wheat,Kolar,Karnataka,22.84,2026-06-01
Wheat,Bengaluru,Karnataka,22.37,2026-05-31
Wheat,Kolar,Karnataka,23.96,2026-05-31
Wheat,Mysuru,Karnataka,24.51,2026-05-30
Wheat,Kolar,Karnataka,26.5,2026-05-30
Wheat,Mysuru,Karnataka,22.88,2026-05-29
Wheat,Kolar,Karnataka,26.89,2026-05-29
Wheat,Kolar,Karnataka,25.13,2026-05-28
Wheat,Bengaluru,Karnataka,24.47,2026-05-28
Wheat,Kolar,Karnataka,24.81,2026-05-27
Wheat,Mysuru,Karnataka,25.38,2026-05-27
Wheat,Mysuru,Karnataka,24.62,2026-05-26
Wheat,Kolar,Karnataka,23.36,2026-05-26
Wheat,Bengaluru,Karnataka,23.77,2026-05-25
Wheat,Mysuru,Karnataka,24.28,2026-05-25
Wheat,Bengaluru,Karnataka,22.31,2026-05-24
Wheat,Mysuru,Karnataka,24.85,2026-05-24
Wheat,Bengaluru,Karnataka,23.69,2026-05-23
Wheat,Mysuru,Karnataka,24.92,2026-05-23
Wheat,Kolar,Karnataka,26.97,2026-05-22
Wheat,Mysuru,Karnataka,24.65,2026-05-22
Wheat,Bengaluru,Karnataka,26.25,2026-05-21
Wheat,Mysuru,Karnataka,25.26,2026-05-21
Wheat,Bengaluru,Karnataka,23.25,2026-05-20
Wheat,Mysuru,Karnataka,26.69,2026-05-20
Wheat,Mysuru,Karnataka,23.57,2026-05-19
Wheat,Kolar,Karnataka,25.88,2026-05-19
Wheat,Kolar,Karnataka,26.46,2026-05-18
Wheat,Mysuru,Karnataka,23.44,2026-05-18
Wheat,Bengaluru,Karnataka,25.47,2026-05-17
Wheat,Mysuru,Karnataka,24.93,2026-05-17
Rice,Kolar,Karnataka,47.65,2026-07-15
Rice,Mysuru,Karnataka,52.21,2026-07-15
Rice,Mysuru,Karnataka,46.64,2026-07-14
Rice,Kolar,Karnataka,45.45,2026-07-14
Rice,Bengaluru,Karnataka,45.83,2026-07-13
Rice,Mysuru,Karnataka,49.26,2026-07-13
Rice,Mysuru,Karnataka,51.65,2026-07-12
Rice,Kolar,Karnataka,49.58,2026-07-12
Rice,Mysuru,Karnataka,46.16,2026-07-11
Rice,Bengaluru,Karnataka,54.27,2026-07-11
Rice,Bengaluru,Karnataka,54.24,2026-07-10
Rice,Kolar,Karnataka,47.4,2026-07-10
Rice,Bengaluru,Karnataka,51.76,2026-07-09
Rice,Mysuru,Karnataka,46.86,2026-07-09
Rice,Bengaluru,Karnataka,49.39,2026-07-08
Rice,Kolar,Karnataka,47.89,2026-07-08
Rice,Mysuru,Karnataka,54.32,2026-07-07
Rice,Kolar,Karnataka,49.04,2026-07-07
Rice,Bengaluru,Karnataka,45.2,2026-07-06
Rice,Mysuru,Karnataka,51.82,2026-07-06
Rice,Bengaluru,Karnataka,46.99,2026-07-05
Rice,Kolar,Karnataka,48.23,2026-07-05
Rice,Kolar,Karnataka,46.1,2026-07-04
Rice,Mysuru,Karnataka,53.13,2026-07-04
Rice,Mysuru,Karnataka,52.4,2026-07-03
Rice,Kolar,Karnataka,45.46,2026-07-03
Rice,Kolar,Karnataka,47.99,2026-07-02
Rice,Bengaluru,Karnataka,53.78,2026-07-02
Rice,Bengaluru,Karnataka,46.1,2026-07-01
Rice,Kolar,Karnataka,51.37,2026-07-01
Rice,Bengaluru,Karnataka,48.73,2026-06-30
Rice,Kolar,Karnataka,50.77,2026-06-30
Rice,Mysuru,Karnataka,45.59,2026-06-29
Rice,Kolar,Karnataka,51.16,2026-06-29
Rice,Kolar,Karnataka,46.46,2026-06-28
Rice,Bengaluru,Karnataka,50.22,2026-06-28
Rice,Bengaluru,Karnataka,52.58,2026-06-27
Rice,Mysuru,Karnataka,52.35,2026-06-27
Rice,Bengaluru,Karnataka,46.16,2026-06-26
Rice,Kolar,Karnataka,48.09,2026-06-26
Rice,Bengaluru,Karnataka,51.53,2026-06-25
Rice,Kolar,Karnataka,49.49,2026-06-25
Rice,Mysuru,Karnataka,43.83,2026-06-24
Rice,Bengaluru,Karnataka,44.15,2026-06-24
Rice,Kolar,Karnataka,50.36,2026-06-23
Rice,Mysuru,Karnataka,45.18,2026-06-23
Rice,Bengaluru,Karnataka,45.14,2026-06-22
Rice,Kolar,Karnataka,44.5,2026-06-22
Rice,Kolar,Karnataka,52.56,2026-06-21
Rice,Mysuru,Karnataka,53.19,2026-06-21
Rice,Kolar,Karnataka,44.06,2026-06-20
Rice,Bengaluru,Karnataka,49.71,2026-06-20
Rice,Kolar,Karnataka,44.63,2026-06-19
Rice,Bengaluru,Karnataka,45.66,2026-06-19
Rice,Kolar,Karnataka,51.11,2026-06-18
Rice,Mysuru,Karnataka,47.57,2026-06-18
Rice,Bengaluru,Karnataka,49.91,2026-06-17
Rice,Kolar,Karnataka,46.72,2026-06-17
Rice,Bengaluru,Karnataka,51.84,2026-06-16
Rice,Mysuru,Karnataka,47.87,2026-06-16
Rice,Mysuru,Karnataka,48.34,2026-06-15
Rice,Kolar,Karnataka,47.84,2026-06-15
Rice,Kolar,Karnataka,48.27,2026-06-14
Rice,Bengaluru,Karnataka,46.17,2026-06-14
Rice,Mysuru,Karnataka,51.29,2026-06-13
Rice,Kolar,Karnataka,48.72,2026-06-13
Rice,Kolar,Karnataka,43.58,2026-06-12
Rice,Bengaluru,Karnataka,44.41,2026-06-12
Rice,Mysuru,Karnataka,48.01,2026-06-11
Rice,Kolar,Karnataka,47.18,2026-06-11
Rice,Kolar,Karnataka,49.75,2026-06-10
Rice,Mysuru,Karnataka,51.17,2026-06-10
Rice,Kolar,Karnataka,50.07,2026-06-09
Rice,Mysuru,Karnataka,44.97,2026-06-09
Rice,Kolar,Karnataka,48.87,2026-06-08
Rice,Bengaluru,Karnataka,47.74,2026-06-08
Rice,Mysuru,Karnataka,47.51,2026-06-07
Rice,Bengaluru,Karnataka,47.26,2026-06-07
Rice,Kolar,Karnataka,48.27,2026-06-06
Rice,Bengaluru,Karnataka,45.52,2026-06-06
Rice,Kolar,Karnataka,43.44,2026-06-05
Rice,Mysuru,Karnataka,47.33,2026-06-05
Rice,Bengaluru,Karnataka,50.18,2026-06-04
Rice,Kolar,Karnataka,43.55,2026-06-04
Rice,Bengaluru,Karnataka,43.25,2026-06-03
Rice,Kolar,Karnataka,44.05,2026-06-03
Rice,Bengaluru,Karnataka,48.33,2026-06-02
Rice,Mysuru,Karnataka,47.1,2026-06-02
Rice,Kolar,Karnataka,42.55,2026-06-01
Rice,Mysuru,Karnataka,44.15,2026-06-01
Rice,Kolar,Karnataka,42.13,2026-05-31
Rice,Bengaluru,Karnataka,50.61,2026-05-31
Rice,Kolar,Karnataka,50.58,2026-05-30
Rice,Mysuru,Karnataka,49.68,2026-05-30
Rice,Mysuru,Karnataka,45.21,2026-05-29
Rice,Bengaluru,Karnataka,48.77,2026-05-29
Rice,Mysuru,Karnataka,49.14,2026-05-28
Rice,Kolar,Karnataka,42.31,2026-05-28
Rice,Kolar,Karnataka,46.59,2026-05-27
Rice,Mysuru,Karnataka,48.49,2026-05-27
Rice,Mysuru,Karnataka,50.34,2026-05-26
Rice,Bengaluru,Karnataka,50.49,2026-05-26
Rice,Bengaluru,Karnataka,48.22,2026-05-25
Rice,Kolar,Karnataka,46.43,2026-05-25
Rice,Bengaluru,Karnataka,46.29,2026-05-24
Rice,Kolar,Karnataka,43.74,2026-05-24
Rice,Kolar,Karnataka,46.5,2026-05-23
Rice,Bengaluru,Karnataka,46.49,2026-05-23
Rice,Kolar,Karnataka,48.31,2026-05-22
Rice,Bengaluru,Karnataka,46.57,2026-05-22
Rice,Kolar,Karnataka,47.63,2026-05-21
Rice,Mysuru,Karnataka,45.11,2026-05-21
Rice,Bengaluru,Karnataka,48.36,2026-05-20
Rice,Kolar,Karnataka,46.14,2026-05-20
Rice,Kolar,Karnataka,47.03,2026-05-19
Rice,Mysuru,Karnataka,45.9,2026-05-19
Rice,Kolar,Karnataka,49.44,2026-05-18
Rice,Mysuru,Karnataka,49.16,2026-05-18
Rice,Kolar,Karnataka,48.54,2026-05-17
Rice,Mysuru,Karnataka,44.61,2026-05-17
Honey,Kolar,Karnataka,411.66,2026-07-15
Honey,Mysuru,Karnataka,372.8,2026-07-15
Honey,Bengaluru,Karnataka,377.14,2026-07-14
Honey,Kolar,Karnataka,390.69,2026-07-14
Honey,Kolar,Karnataka,376.31,2026-07-13
Honey,Mysuru,Karnataka,383.46,2026-07-13
Honey,Mysuru,Karnataka,405.02,2026-07-12
Honey,Bengaluru,Karnataka,424.9,2026-07-12
Honey,Kolar,Karnataka,389.16,2026-07-11
Honey,Bengaluru,Karnataka,426.07,2026-07-11
Honey,Mysuru,Karnataka,372.61,2026-07-10
Honey,Bengaluru,Karnataka,366.52,2026-07-10
Honey,Mysuru,Karnataka,409.5,2026-07-09
Honey,Bengaluru,Karnataka,422.85,2026-07-09
Honey,Mysuru,Karnataka,357.15,2026-07-08
Honey,Bengaluru,Karnataka,385.61,2026-07-08
Honey,Bengaluru,Karnataka,370.69,2026-07-07
Honey,Kolar,Karnataka,419.28,2026-07-07
Honey,Bengaluru,Karnataka,370.26,2026-07-06
Honey,Kolar,Karnataka,373.69,2026-07-06
Honey,Kolar,Karnataka,394.86,2026-07-05
Honey,Mysuru,Karnataka,367.47,2026-07-05
Honey,Bengaluru,Karnataka,412.56,2026-07-04
Honey,Mysuru,Karnataka,364.23,2026-07-04
Honey,Kolar,Karnataka,397.38,2026-07-03
Honey,Bengaluru,Karnataka,374.39,2026-07-03
Honey,Kolar,Karnataka,357.28,2026-07-02
Honey,Mysuru,Karnataka,355.52,2026-07-02
Honey,Mysuru,Karnataka,420.03,2026-07-01
Honey,Kolar,Karnataka,385.25,2026-07-01
Honey,Bengaluru,Karnataka,409.92,2026-06-30
Honey,Kolar,Karnataka,417.87,2026-06-30
Honey,Bengaluru,Karnataka,355.91,2026-06-29
Honey,Mysuru,Karnataka,392.66,2026-06-29
Honey,Mysuru,Karnataka,377.38,2026-06-28
Honey,Bengaluru,Karnataka,406.38,2026-06-28
Honey,Bengaluru,Karnataka,404.66,2026-06-27
Honey,Kolar,Karnataka,429.98,2026-06-27
Honey,Mysuru,Karnataka,369.48,2026-06-26
Honey,Bengaluru,Karnataka,374.77,2026-06-26
Honey,Mysuru,Karnataka,362.56,2026-06-25
Honey,Bengaluru,Karnataka,358.68,2026-06-25
Honey,Kolar,Karnataka,395.24,2026-06-24
Honey,Bengaluru,Karnataka,372.88,2026-06-24
Honey,Mysuru,Karnataka,413.03,2026-06-23
Honey,Kolar,Karnataka,362.63,2026-06-23
Honey,Bengaluru,Karnataka,396.32,2026-06-22
Honey,Mysuru,Karnataka,390.73,2026-06-22
Honey,Kolar,Karnataka,396.55,2026-06-21
Honey,Bengaluru,Karnataka,430.71,2026-06-21
Honey,Kolar,Karnataka,371.64,2026-06-20
Honey,Bengaluru,Karnataka,373.51,2026-06-20
Honey,Mysuru,Karnataka,406.37,2026-06-19
Honey,Kolar,Karnataka,397.85,2026-06-19
Honey,Bengaluru,Karnataka,385.94,2026-06-18
Honey,Mysuru,Karnataka,380.05,2026-06-18
Honey,Mysuru,Karnataka,399.33,2026-06-17
Honey,Kolar,Karnataka,354.67,2026-06-17
Honey,Mysuru,Karnataka,430.22,2026-06-16
Honey,Bengaluru,Karnataka,401.1,2026-06-16
Honey,Mysuru,Karnataka,387.33,2026-06-15
Honey,Bengaluru,Karnataka,425.26,2026-06-15
Honey,Bengaluru,Karnataka,406.53,2026-06-14
Honey,Kolar,Karnataka,365.03,2026-06-14
Honey,Kolar,Karnataka,361.59,2026-06-13
Honey,Bengaluru,Karnataka,357.06,2026-06-13
Honey,Kolar,Karnataka,420.86,2026-06-12
Honey,Bengaluru,Karnataka,417.05,2026-06-12
Honey,Bengaluru,Karnataka,407.1,2026-06-11
Honey,Mysuru,Karnataka,361.44,2026-06-11
Honey,Mysuru,Karnataka,354.45,2026-06-10
Honey,Kolar,Karnataka,369.05,2026-06-10
Honey,Kolar,Karnataka,368.58,2026-06-09
Honey,Bengaluru,Karnataka,393.61,2026-06-09
Honey,Mysuru,Karnataka,401.35,2026-06-08
Honey,Kolar,Karnataka,430.28,2026-06-08
Honey,Kolar,Karnataka,381.96,2026-06-07
Honey,Bengaluru,Karnataka,423.43,2026-06-07
Honey,Kolar,Karnataka,372.37,2026-06-06
Honey,Bengaluru,Karnataka,357.07,2026-06-06
Honey,Bengaluru,Karnataka,356.42,2026-06-05
Honey,Mysuru,Karnataka,403.52,2026-06-05
Honey,Bengaluru,Karnataka,382.56,2026-06-04
Honey,Kolar,Karnataka,373.38,2026-06-04
Honey,Kolar,Karnataka,419.63,2026-06-03
Honey,Mysuru,Karnataka,353.52,2026-06-03
Honey,Kolar,Karnataka,369.96,2026-06-02
Honey,Mysuru,Karnataka,381.66,2026-06-02
Honey,Kolar,Karnataka,422.39,2026-06-01
Honey,Bengaluru,Karnataka,389.62,2026-06-01
Honey,Kolar,Karnataka,366.15,2026-05-31
Honey,Bengaluru,Karnataka,390.7,2026-05-31
Honey,Mysuru,Karnataka,354.52,2026-05-30
Honey,Bengaluru,Karnataka,423.43,2026-05-30
Honey,Mysuru,Karnataka,389.47,2026-05-29
Honey,Kolar,Karnataka,409.33,2026-05-29
Honey,Bengaluru,Karnataka,404.42,2026-05-28
Honey,Mysuru,Karnataka,378.76,2026-05-28
Honey,Mysuru,Karnataka,428.49,2026-05-27
Honey,Bengaluru,Karnataka,427.13,2026-05-27
Honey,Mysuru,Karnataka,399.39,2026-05-26
Honey,Bengaluru,Karnataka,419.09,2026-05-26
Honey,Bengaluru,Karnataka,367.97,2026-05-25
Honey,Mysuru,Karnataka,377.02,2026-05-25
Honey,Mysuru,Karnataka,357.0,2026-05-24
Honey,Bengaluru,Karnataka,379.91,2026-05-24
Honey,Kolar,Karnataka,382.38,2026-05-23
Honey,Bengaluru,Karnataka,394.48,2026-05-23
Honey,Mysuru,Karnataka,420.36,2026-05-22
Honey,Kolar,Karnataka,375.26,2026-05-22
Honey,Kolar,Karnataka,365.46,2026-05-21
Honey,Bengaluru,Karnataka,360.17,2026-05-21
Honey,Kolar,Karnataka,416.06,2026-05-20
Honey,Bengaluru,Karnataka,373.11,2026-05-20
Honey,Kolar,Karnataka,382.19,2026-05-19
Honey,Bengaluru,Karnataka,419.32,2026-05-19
Honey,Bengaluru,Karnataka,373.15,2026-05-18
Honey,Kolar,Karnataka,391.73,2026-05-18
Honey,Kolar,Karnataka,362.5,2026-05-17
Honey,Bengaluru,Karnataka,413.22,2026-05-17
